timestamp,iso_time,TimeSampling,bmsVolts,bmsTemp,bmsCurrent,bmsSOC,engineTemp,ECUBattV,speed,RPM,throttle,steering,HyStatus,Gear,RawBrake,imuAx,imuAy,imuAz,imuGx,imuGy,imuGz,susp1Raw,susp2Raw,susp3Raw,susp4Raw,rpmPa15,rpmPb3,rpmPb5,rpmPb8,vescRpmLeft,vescRpmRight,apps1,apps2,pedal,duty,leftMotor,rightMotor
1777977884996,2026-05-05T10:44:44.996Z,31200,46,48,74,66,87,13,102,10619,81,61,1,1,3955,41,50,99,356,376,343,3755,3766,3738,3792,956,829,884,802,3711,3419,2808,2607,56,49,-61,-117
1777977885105,2026-05-05T10:44:45.105Z,31300,48,51,74,64,92,14,119,11022,85,72,1,1,3729,48,48,101,345,391,334,4071,3707,3552,3684,842,799,761,742,3807,3301,2419,2310,54,43,-40,-85
1777977885214,2026-05-05T10:44:45.214Z,31400,48,54,81,69,89,14,124,11419,92,77,1,1,4046,53,46,90,331,374,306,3988,3543,3672,3521,859,844,761,711,3433,3141,2449,1987,51,38,-81,-191
1777977885322,2026-05-05T10:44:45.322Z,31500,49,59,105,78,93,14,123,11523,92,97,1,1,4138,46,45,106,364,350,305,3752,3495,3410,3276,832,796,718,636,3159,2952,1930,2040,43,35,-190,-207
1777977885431,2026-05-05T10:44:45.431Z,31600,50,60,119,79,102,14,133,11690,97,94,1,1,3958,45,51,105,370,344,310,3704,3340,3259,3143,791,678,699,676,2860,2750,1951,1894,38,29,-168,-287
1777977885539,2026-05-05T10:44:45.539Z,31700,49,62,133,85,102,14,136,12043,94,102,1,1,3941,51,46,102,328,331,294,3380,3390,3234,2915,740,711,655,610,2893,2435,1617,1560,34,28,-237,-291
1777977885648,2026-05-05T10:44:45.648Z,31800,50,68,143,83,106,14,138,11938,102,90,1,1,3824,50,42,96,332,261,261,3194,3263,3230,3058,658,588,549,492,2252,2051,1684,1477,29,19,-273,-303
1777977885757,2026-05-05T10:44:45.757Z,31900,51,71,146,89,112,14,137,12119,95,109,1,1,3975,49,42,86,259,278,217,3348,2873,2887,2564,666,529,524,462,1932,2042,1274,1122,22,16,-371,-335
1777977885867,2026-05-05T10:44:45.867Z,32000,52,71,161,90,114,14,153,12584,102,92,1,2,3806,43,45,72,295,219,211,3088,2814,2828,2683,543,554,475,455,1779,1444,1154,770,15,20,-372,-392
1777977885976,2026-05-05T10:44:45.976Z,32100,52,71,161,90,117,14,143,13258,95,97,1,2,4029,45,38,79,268,244,160,3027,2548,2531,2482,498,440,458,359,1583,1293,1149,971,12,12,-374,-422
1777977886085,2026-05-05T10:44:46.085Z,32200,52,75,194,98,114,14,152,13523,95,106,1,2,3658,38,36,71,250,194,131,2517,2572,2466,2094,475,478,396,287,1532,1029,979,780,10,13,-450,-502
1777977886194,2026-05-05T10:44:46.194Z,32300,53,79,201,96,121,15,146,12727,102,97,1,2,3711,37,29,62,210,130,124,2581,2312,2111,2009,406,400,337,319,1426,1086,531,495,10,9,-405,-480
1777977886301,2026-05-05T10:44:46.301Z,32400,53,80,180,100,122,15,150,12504,101,96,1,2,3505,37,29,46,193,97,90,2438,2310,2075,1915,354,339,284,201,1234,890,547,298,6,4,-431,-527
1777977886410,2026-05-05T10:44:46.410Z,32500,54,79,208,101,123,14,142,12291,92,96,1,2,3272,27,30,43,92,126,60,1948,1986,1744,1598,290,245,244,177,674,591,493,266,5,-1,-474,-475
1777977886519,2026-05-05T10:44:46.519Z,32600,55,82,209,96,117,15,146,12400,90,81,1,2,3306,27,26,33,99,33,12,1901,1527,1529,1170,318,229,194,144,703,701,121,37,0,2,-483,-528
1777977886628,2026-05-05T10:44:46.628Z,32700,54,78,201,96,115,14,137,11848,89,70,1,2,3191,25,18,23,38,39,15,1771,1600,1376,1021,232,159,127,80,238,544,365,-43,0,0,-531,-470
1777977886736,2026-05-05T10:44:46.736Z,32767,55,77,211,96,114,14,144,11516,92,67,1,2,2778,16,8,11,-4,-33,-53,1477,1403,1096,1054,188,196,97,99,582,326,146,228,-1,0,-532,-444
1777977886843,2026-05-05T10:44:46.843Z,32767,54,79,199,98,111,14,136,11535,84,67,1,2,2501,9,4,11,-39,-68,-99,1374,1254,1007,803,129,115,104,38,73,106,241,-35,-3,2,-475,-479
1777977886952,2026-05-05T10:44:46.952Z,32767,55,76,198,91,110,14,128,10407,78,61,1,2,2642,10,6,5,-68,-81,-114,1019,770,830,738,110,76,89,77,-33,-100,-137,54,3,4,-457,-439
1777977887060,2026-05-05T10:44:47.060Z,32767,55,80,202,89,108,14,122,10565,71,47,1,2,2372,0,2,-10,-116,-153,-186,800,868,640,642,119,77,45,-9,174,-126,-166,3,0,-2,-428,-468
1777977887170,2026-05-05T10:44:47.170Z,32767,54,77,189,95,104,14,125,10566,74,38,1,2,2267,-2,-8,-31,-96,-136,-209,693,637,702,322,77,49,44,1,151,88,187,8,0,7,-433,-469
1777977887279,2026-05-05T10:44:47.279Z,32767,54,75,161,86,105,14,112,9580,70,17,1,2,2016,-9,-11,-32,-181,-213,-181,751,503,207,79,48,76,25,-25,-160,-129,-99,219,7,9,-416,-400
1777977887387,2026-05-05T10:44:47.387Z,32767,54,74,149,88,102,14,110,8711,65,24,1,2,1531,-9,-17,-41,-154,-194,-240,632,259,146,366,75,47,2,-20,-204,-62,-69,227,6,10,-361,-339
1777977887498,2026-05-05T10:44:47.498Z,32767,53,75,143,85,91,14,98,7874,54,8,1,2,1618,-15,-25,-55,-190,-245,-287,377,144,164,168,48,-37,-32,22,-80,-73,-36,152,4,13,-314,-285
1777977887607,2026-05-05T10:44:47.607Z,32767,53,72,152,75,94,14,97,7449,50,-8,1,2,1397,-17,-29,-69,-233,-286,-312,212,147,10,-89,-21,-42,-7,-34,-97,-47,371,361,14,11,-366,-307
1777977887715,2026-05-05T10:44:47.715Z,32767,52,66,134,73,84,13,82,6549,47,-17,1,2,1043,-27,-28,-60,-289,-288,-329,380,115,184,4,-32,-39,8,44,351,483,382,459,16,20,-240,-240
1777977887824,2026-05-05T10:44:47.824Z,32767,52,63,120,71,83,13,79,6258,42,-25,1,2,978,-25,-36,-81,-271,-298,-328,-4,78,-153,-170,-20,-27,-25,14,303,390,395,680,19,17,-189,-218
1777977887933,2026-05-05T10:44:47.933Z,32767,51,63,105,68,78,13,65,5306,37,-25,1,2,609,-33,-42,-82,-310,-306,-316,-119,-22,-87,204,22,22,9,75,286,410,436,746,25,22,-182,-190
1777977888042,2026-05-05T10:44:48.042Z,32767,51,60,75,59,72,13,60,5279,37,-41,1,3,608,-39,-41,-88,-311,-347,-315,167,176,-14,91,-15,14,40,43,303,611,550,1034,24,27,-192,-80
1777977888150,2026-05-05T10:44:48.150Z,32767,49,56,67,57,67,13,51,4306,26,-54,1,3,419,-42,-47,-100,-337,-372,-324,-100,34,8,-115,60,89,102,129,879,957,1053,1081,27,33,-58,-7
1777977888260,2026-05-05T10:44:48.260Z,32767,49,53,54,53,65,13,52,3082,20,-63,1,3,248,-41,-44,-97,-356,-349,-359,-85,86,170,296,12,52,69,150,718,1333,938,1073,30,35,-71,-3
1777977888368,2026-05-05T10:44:48.368Z,32767,48,50,54,44,58,12,41,2594,15,-65,1,3,140,-45,-44,-104,-337,-383,-367,151,45,-59,404,91,105,147,172,1204,1420,1198,1230,38,46,24,6
1777977888477,2026-05-05T10:44:48.477Z,32767,48,46,24,43,48,12,41,3060,18,-69,1,3,329,-49,-45,-92,-390,-365,-358,141,102,304,157,107,167,176,199,1157,1399,1567,1682,49,52,72,76
1777977888585,2026-05-05T10:44:48.585Z,32767,46,47,23,37,47,12,35,1953,8,-83,1,3,76,-46,-49,-102,-389,-364,-380,54,100,266,561,187,194,227,273,1520,1810,1748,1996,53,50,63,149
1777977888694,2026-05-05T10:44:48.694Z,32767,45,44,8,36,39,12,30,1754,8,-76,1,3,166,-47,-53,-95,-374,-322,-355,182,195,417,404,203,171,301,345,1535,2081,1691,2084,55,62,177,237
1777977888803,2026-05-05T10:44:48.803Z,32767,46,36,-18,34,44,12,20,1529,3,-91,1,3,-27,-53,-46,-99,-370,-347,-304,205,411,497,584,203,249,308,370,1902,2313,2029,2212,56,68,154,263
1777977888911,2026-05-05T10:44:48.911Z,32767,45,39,-29,30,31,12,8,512,7,-95,1,3,-133,-47,-46,-88,-307,-320,-286,373,655,558,909,267,261,375,384,2117,2268,2081,2402,66,65,270,290
1777977889020,2026-05-05T10:44:49.020Z,32767,44,31,-36,26,34,12,11,757,6,-91,1,3,43,-50,-46,-90,-320,-274,-270,462,685,1003,898,329,380,394,439,2336,2716,2574,2628,65,75,287,296
1777977889127,2026-05-05T10:44:49.127Z,32767,44,34,-55,17,29,12,0,-49,4,-93,1,3,-70,-50,-48,-89,-327,-267,-275,896,893,1194,1063,317,388,470,487,2879,2774,2649,2958,69,73,302,339
1777977889236,2026-05-05T10:44:49.236Z,32767,42,30,-64,20,29,12,7,-8,1,-95,1,3,182,-50,-40,-93,-261,-248,-260,716,944,1270,1463,372,433,538,540,2897,3490,2712,2783,80,86,346,408
1777977889344,2026-05-05T10:44:49.344Z,32767,41,24,-78,14,22,12,1,97,1,-90,1,3,286,-47,-43,-70,-270,-248,-175,952,1377,1521,1571,453,474,560,612,3064,3663,2951,3157,81,84,411,378
1777977889454,2026-05-05T10:44:49.454Z,32767,41,27,-70,12,24,11,-5,416,4,-105,1,3,72,-43,-42,-67,-238,-235,-170,1131,1515,1669,1991,512,541,646,644,3475,3716,3014,3228,82,94,403,482
1777977889562,2026-05-05T10:44:49.562Z,32767,41,25,-84,9,24,11,-1,-254,2,-93,1,3,268,-43,-32,-61,-220,-164,-126,1555,1557,1832,2047,583,573,620,678,3692,3974,3220,3302,93,89,459,421
1777977889671,2026-05-05T10:44:49.671Z,32767,41,22,-87,12,21,11,6,422,-2,-83,1,3,522,-34,-35,-60,-156,-139,-126,1502,1834,1803,2003,569,643,711,760,3698,4007,3451,3550,92,92,424,511
1777977889779,2026-05-05T10:44:49.779Z,32767,39,20,-99,10,19,11,-3,493,2,-86,1,3,425,-30,-25,-55,-122,-107,-100,1769,2100,2023,2259,648,694,735,808,3970,4208,3451,3655,95,100,529,540
1777977889887,2026-05-05T10:44:49.887Z,32767,39,19,-110,7,21,12,1,356,7,-80,1,3,519,-29,-22,-30,-104,-75,-57,1997,2213,2330,2782,645,751,744,791,4190,4643,3546,3931,92,95,498,482
1777977889995,2026-05-05T10:44:49.995Z,32767,39,22,-108,6,17,11,-1,276,8,-87,1,3,735,-22,-15,-32,-95,-40,-11,2082,2384,2622,2977,787,738,791,831,4308,4673,3683,3742,102,99,490,468
1777977890103,2026-05-05T10:44:50.103Z,32767,39,20,-86,8,26,12,0,1025,11,-76,1,3,1153,-23,-17,-20,-61,14,4,2411,2762,2782,2982,810,870,810,873,4553,4523,3928,4083,99,96,534,484
1777977890212,2026-05-05T10:44:50.212Z,32767,39,22,-90,15,20,12,15,1386,14,-61,1,4,1224,-18,-9,-17,-34,53,58,2496,2626,2867,2978,856,908,899,968,4757,4717,3983,3832,101,103,447,436
1777977890321,2026-05-05T10:44:50.321Z,32767,39,17,-92,9,25,12,18,1681,20,-62,1,4,1488,-7,-1,-5,29,40,127,2744,3093,3286,3201,873,940,928,932,4697,4883,3785,4034,101,100,452,446
1777977890431,2026-05-05T10:44:50.431Z,32767,39,22,-89,15,32,12,18,2152,24,-53,1,4,1467,-5,3,6,61,105,159,3043,3087,3194,3274,889,889,929,992,4904,4795,3819,3970,104,101,479,501
1777977890539,2026-05-05T10:44:50.539Z,32767,40,22,-70,18,26,12,19,3410,21,-34,1,4,1911,3,9,11,116,128,179,3106,3149,3469,3518,892,975,926,936,5187,5155,4105,4144,98,97,490,479
1777977890648,2026-05-05T10:44:50.648Z,32767,40,21,-90,15,29,12,36,3019,26,-37,1,4,1907,9,12,29,170,178,188,3473,3370,3540,3709,993,949,958,980,5226,5165,4118,3988,95,94,453,361
1777977890758,2026-05-05T10:44:50.758Z,32767,40,27,-65,23,33,12,40,3964,31,-27,1,4,2122,9,19,44,167,226,248,3576,3420,3507,3962,1008,933,1032,1044,5130,4969,3916,3796,94,93,389,377
1777977890867,2026-05-05T10:44:50.867Z,32767,40,25,-61,30,37,12,48,4860,39,-9,1,4,2401,13,18,40,202,199,290,3610,3525,3646,3830,1029,1025,992,1044,5073,5017,4015,3873,93,86,330,360
1777977890975,2026-05-05T10:44:50.975Z,32767,41,26,-51,31,48,12,46,4824,42,5,1,4,2506,21,22,64,245,259,256,3694,3790,3803,3984,1022,952,975,952,4977,4903,3984,3537,88,83,370,303
1777977891084,2026-05-05T10:44:51.084Z,32767,42,32,-41,29,55,13,54,5239,46,15,1,4,2703,19,32,67,284,288,281,3613,3837,3876,3902,1047,1033,979,976,4731,4690,3918,3554,83,79,302,242
1777977891192,2026-05-05T10:44:51.192Z,32767,42,34,-19,34,59,13,62,6863,52,27,1,4,2863,28,35,75,311,285,305,3873,4083,3958,4094,1002,1038,1009,948,4595,4472,3752,3425,85,80,278,217
1777977891301,2026-05-05T10:44:51.301Z,32767,43,33,2,41,59,13,67,7641,57,39,1,4,3127,31,37,73,270,301,338,3784,3842,3944,4168,971,1014,950,965,4441,4591,3595,3408,76,78,242,211
1777977891410,2026-05-05T10:44:51.410Z,32767,43,40,19,50,66,13,85,7615,68,31,1,4,3414,39,41,82,323,351,311,4095,4003,3884,3966,997,971,909,977,4285,4542,3405,3317,74,69,199,71
1777977891518,2026-05-05T10:44:51.518Z,32767,45,38,9,47,72,13,91,8684,66,41,1,4,3485,37,43,90,301,320,363,3812,4027,4122,3946,985,976,967,944,4234,4001,3054,2965,69,63,142,33
1777977891627,2026-05-05T10:44:51.627Z,32767,45,45,40,51,74,13,97,9190,70,57,1,4,3573,42,45,87,377,390,368,4052,3814,4024,3799,972,892,923,898,4377,4237,3102,2775,63,64,118,6
1777977891736,2026-05-05T10:44:51.736Z,32767,45,48,64,61,82,13,106,10149,79,70,1,4,3729,39,50,106,331,345,372,3837,4084,3939,3829,931,951,888,861,4034,3810,3041,2664,60,61,29,-72
1777977891844,2026-05-05T10:44:51.844Z,32767,47,50,74,61,84,14,115,10096,83,63,1,4,3683,50,49,107,388,349,326,4094,3757,3661,3871,881,857,804,753,3639,3442,2852,2324,56,53,-15,-125
1777977891952,2026-05-05T10:44:51.952Z,32767,47,52,90,63,91,14,111,10302,87,83,1,4,3805,52,44,103,345,330,352,4074,3941,3831,3656,855,791,758,728,3552,3476,2395,2138,49,45,-113,-129
1777977892063,2026-05-05T10:44:52.063Z,32767,47,56,85,72,90,14,128,11533,93,89,1,4,3869,53,52,102,361,378,371,3910,3571,3734,3614,865,776,734,760,3290,3301,2252,1931,42,43,-126,-202
1777977892171,2026-05-05T10:44:52.171Z,32767,48,59,99,78,96,14,134,11639,89,90,1,4,3850,51,45,97,373,306,292,3880,3433,3551,3204,827,784,719,650,3242,2775,2036,1881,37,36,-225,-184
1777977892280,2026-05-05T10:44:52.280Z,32767,50,60,112,80,101,14,130,11623,92,99,1,4,4178,49,44,98,314,349,311,3589,3570,3534,3210,804,674,628,634,3033,2541,2076,1738,37,36,-214,-249
1777977892388,2026-05-05T10:44:52.388Z,32767,50,62,144,80,108,14,143,12384,97,104,0,5,4063,51,46,88,323,323,306,3545,3478,3292,2962,665,658,602,619,2550,2544,1587,1532,33,26,-288,-344
1777977892497,2026-05-05T10:44:52.497Z,32767,51,68,155,88,107,14,147,12475,94,95,0,5,4098,48,50,93,308,281,267,3424,3131,3164,2909,642,604,576,522,2185,2240,1430,1113,24,26,-329,-345
1777977892606,2026-05-05T10:44:52.606Z,32767,52,69,150,89,110,14,146,13203,99,92,0,5,3758,45,50,88,306,233,271,3356,2926,3006,2551,632,526,567,433,2311,1627,1403,1278,27,24,-346,-342
1777977892715,2026-05-05T10:44:52.715Z,32767,52,74,164,92,114,14,152,12817,99,107,0,5,4011,41,39,72,240,230,221,3154,2663,2819,2663,526,553,436,413,2092,1801,937,832,19,13,-392,-368
1777977892825,2026-05-05T10:44:52.825Z,32767,52,72,169,93,113,14,150,13086,103,101,0,5,3866,47,36,74,244,250,215,3013,2505,2330,2110,534,478,441,384,1741,1498,842,742,19,10,-419,-452
1777977892933,2026-05-05T10:44:52.933Z,32767,54,77,186,100,121,15,143,12707,100,87,0,5,3873,36,42,62,227,195,167,2476,2432,2427,1940,487,373,366,363,1628,1174,620,798,13,6,-434,-455
1777977893042,2026-05-05T10:44:53.042Z,32767,54,75,184,102,118,15,152,12834,101,94,0,5,3778,33,30,52,217,137,115,2474,2251,2004,1752,463,378,348,235,975,1079,705,391,7,5,-506,-453
1777977893151,2026-05-05T10:44:53.151Z,32767,54,77,193,99,124,14,146,13143,93,82,0,5,3524,36,29,49,174,127,83,2259,2033,1780,1781,416,364,287,202,726,844,440,374,2,0,-507,-496
1777977893260,2026-05-05T10:44:53.260Z,32767,54,80,191,99,116,14,150,13176,97,86,0,5,3362,25,25,38,138,70,55,1960,1903,1880,1585,306,232,200,218,626,452,239,301,7,3,-469,-492
1777977893369,2026-05-05T10:44:53.369Z,32767,55,79,204,103,124,14,140,12719,92,89,0,5,3220,24,18,26,104,67,14,1981,1629,1612,1185,291,205,197,114,643,393,204,5,4,0,-467,-513
1777977893479,2026-05-05T10:44:53.479Z,32767,54,77,197,99,117,14,137,11565,88,71,0,5,3067,20,18,31,61,-15,-37,1570,1597,1220,1049,185,161,120,85,278,519,295,-20,-1,2,-456,-455
1777977893588,2026-05-05T10:44:53.588Z,32767,55,78,191,102,120,14,145,12036,91,66,0,5,3027,20,12,16,-7,-6,-28,1405,1242,1104,990,222,167,101,73,429,11,258,-64,-1,0,-467,-484
1777977893698,2026-05-05T10:44:53.698Z,32767,55,81,198,96,113,14,132,10927,79,56,0,5,2680,15,8,11,12,-40,-98,1131,1132,863,838,126,110,53,102,-2,-98,-23,43,3,4,-538,-437
1777977893808,2026-05-05T10:44:53.808Z,32767,54,80,187,100,108,14,138,10957,82,45,0,5,2486,8,4,-5,-66,-89,-150,1214,966,840,456,109,111,65,2,-106,27,32,126,-1,0,-512,-427
1777977893917,2026-05-05T10:44:53.917Z,32767,54,76,193,97,115,14,129,10640,77,45,0,5,2194,-2,-6,-20,-79,-113,-167,1088,606,631,653,42,46,32,49,-6,11,-147,-155,4,-2,-447,-432
1777977894024,2026-05-05T10:44:54.024Z,32767,55,76,168,91,107,14,123,9840,68,27,0,5,2206,0,-11,-30,-105,-191,-216,704,806,558,526,64,49,38,43,-55,125,-90,52,5,7,-439,-434
1777977894131,2026-05-05T10:44:54.131Z,32767,54,74,185,87,108,14,113,9025,68,17,0,5,2079,-9,-16,-36,-189,-203,-208,649,513,349,177,57,11,-35,-30,184,24,50,241,4,7,-442,-384
1777977894239,2026-05-05T10:44:54.239Z,32767,53,73,172,84,104,14,106,8282,60,16,0,5,1812,-7,-19,-44,-190,-205,-254,663,232,198,68,54,-15,-25,20,-200,67,17,-6,3,7,-409,-401
1777977894348,2026-05-05T10:44:54.348Z,32767,54,74,146,85,95,14,97,8254,55,13,0,5,1319,-18,-26,-58,-235,-282,-294,201,325,123,245,-3,-7,17,24,44,310,50,186,13,8,-325,-350
1777977894457,2026-05-05T10:44:54.457Z,32767,52,72,124,82,87,14,95,7183,48,-3,0,5,1222,-18,-24,-68,-262,-300,-306,259,109,-86,-135,33,28,-42,-12,165,401,212,242,10,17,-321,-234
1777977894565,2026-05-05T10:44:54.565Z,32767,52,66,134,76,86,13,83,6866,46,-7,1,6,1067,-26,-30,-72,-244,-281,-328,309,35,-76,195,37,-10,5,-13,394,101,149,562,13,15,-248,-248
1777977894674,2026-05-05T10:44:54.674Z,32767,52,66,127,69,79,13,72,6335,41,-32,1,6,861,-33,-38,-85,-289,-287,-328,292,201,-42,-2,17,57,18,85,362,184,527,731,20,25,-237,-190
1777977894782,2026-05-05T10:44:54.782Z,32767,50,64,90,69,81,13,63,5935,35,-40,1,6,848,-38,-41,-91,-296,-355,-372,-40,201,130,-32,42,39,46,53,433,499,773,692,21,27,-147,-164
1777977894892,2026-05-05T10:44:54.892Z,32767,50,59,85,64,73,13,70,4491,35,-53,1,6,696,-39,-41,-83,-345,-318,-380,115,-181,-66,6,47,21,70,103,612,777,900,1098,29,34,-91,-60
1777977895000,2026-05-05T10:44:55.000Z,32767,49,59,64,56,66,13,54,3640,30,-49,1,6,321,-44,-47,-96,-368,-386,-327,-22,88,-106,82,40,18,71,119,550,1127,957,898,35,37,-69,7
1777977895108,2026-05-05T10:44:55.108Z,32767,49,55,57,50,65,12,53,3242,24,-64,1,6,245,-38,-44,-93,-355,-388,-360,-135,-50,67,187,101,84,140,175,918,1271,1217,1383,34,38,-51,12
1777977895217,2026-05-05T10:44:55.217Z,32767,48,53,45,44,60,13,41,3078,20,-64,1,6,246,-45,-48,-100,-347,-325,-369,127,15,0,166,96,150,128,165,1139,1167,1451,1535,37,44,-40,42
1777977895324,2026-05-05T10:44:55.324Z,32767,48,49,17,43,51,12,36,2301,16,-75,1,6,319,-45,-49,-89,-381,-330,-345,-27,230,121,344,156,103,144,184,1411,1762,1503,1476,47,54,84,78
1777977895432,2026-05-05T10:44:55.432Z,32767,46,45,25,41,51,12,36,2319,11,-91,1,6,106,-44,-45,-96,-354,-366,-312,137,121,528,262,181,139,242,250,1752,1623,1476,1816,47,54,65,159
1777977895542,2026-05-05T10:44:55.542Z,32767,45,44,-4,37,48,12,20,1912,13,-83,1,6,-131,-46,-46,-95,-381,-379,-299,220,216,508,628,184,184,252,295,1921,2149,2019,2034,52,60,198,162
1777977895649,2026-05-05T10:44:55.649Z,32767,46,36,-15,30,41,12,21,794,8,-88,1,6,108,-52,-52,-90,-356,-327,-313,419,512,634,584,200,293,308,359,1959,2158,1863,2407,59,60,187,266
1777977895759,2026-05-05T10:44:55.759Z,32767,45,36,-33,27,33,12,8,1365,2,-99,1,6,-126,-48,-48,-102,-332,-309,-288,645,596,544,922,303,328,332,433,2355,2610,2228,2305,62,68,253,327
1777977895869,2026-05-05T10:44:55.869Z,32767,44,33,-30,23,29,12,4,680,5,-89,1,6,-97,-45,-43,-97,-298,-277,-278,455,882,860,963,338,365,427,505,2429,3016,2302,2522,73,77,330,303
1777977895975,2026-05-05T10:44:55.975Z,32767,44,29,-39,18,32,12,5,37,0,-102,1,6,91,-45,-51,-82,-293,-258,-247,647,788,881,1120,318,432,505,498,2566,3075,2679,2948,69,80,287,365
1777977896083,2026-05-05T10:44:56.083Z,32767,43,27,-55,16,26,12,4,-399,-4,-108,1,6,242,-49,-43,-86,-295,-226,-215,882,1258,1408,1500,382,466,488,583,3189,3218,2755,3052,83,78,316,399
1777977896192,2026-05-05T10:44:56.192Z,32767,42,26,-76,16,26,12,5,469,-4,-93,1,6,74,-42,-44,-83,-258,-206,-210,901,1383,1444,1771,443,540,575,602,3097,3577,2820,3116,82,83,383,412
1777977896301,2026-05-05T10:44:56.301Z,32767,41,25,-93,13,26,12,-6,-160,1,-102,1,6,224,-46,-41,-79,-198,-191,-140,1079,1465,1612,1968,513,575,647,612,3616,3706,3123,3382,91,94,414,441
1777977896409,2026-05-05T10:44:56.409Z,32767,40,25,-97,14,18,12,-1,-293,1,-86,1,6,211,-35,-31,-68,-173,-142,-114,1342,1628,1695,2102,520,617,645,724,3986,4103,3505,3385,91,90,495,473
1777977896518,2026-05-05T10:44:56.518Z,32767,41,22,-79,12,15,11,-6,389,5,-95,1,6,351,-32,-30,-48,-183,-133,-87,1477,2034,2123,2108,577,629,749,765,4127,4249,3279,3716,88,90,479,497
1777977896626,2026-05-05T10:44:56.626Z,32767,40,23,-91,8,22,11,0,-26,3,-87,1,6,732,-34,-29,-41,-120,-102,-43,2022,2098,2375,2391,682,658,711,788,4324,4116,3775,3538,98,100,482,468
1777977896735,2026-05-05T10:44:56.735Z,32767,40,19,-84,10,17,12,-2,855,7,-78,1,0,789,-23,-23,-44,-133,-43,-30,2003,2378,2631,2763,656,707,824,832,4307,4697,3652,3615,94,94,472,506
1777977896844,2026-05-05T10:44:56.844Z,32767,39,17,-109,7,18,12,-1,197,5,-78,1,0,776,-23,-14,-22,-42,-23,27,2343,2344,2713,2984,754,802,809,884,4238,4763,3842,4018,93,97,511,488
1777977896952,2026-05-05T10:44:56.952Z,32767,39,17,-105,13,27,12,10,693,15,-79,1,0,1117,-19,-17,-13,-25,29,53,2432,2434,2721,3162,793,791,894,900,4632,4634,3681,3737,101,95,511,451
1777977897062,2026-05-05T10:44:57.062Z,32767,39,20,-103,13,22,12,10,2033,12,-60,1,0,1302,-17,-5,-18,-2,25,101,2595,2975,3112,3151,795,836,897,974,4674,5050,4082,3924,100,104,522,534
1777977897172,2026-05-05T10:44:57.172Z,32767,40,20,-82,10,26,12,16,1580,14,-46,1,0,1477,-4,-8,10,73,113,130,2712,3131,3080,3181,911,934,917,945,5080,5074,4110,4193,96,100,453,460
1777977897279,2026-05-05T10:44:57.279Z,32767,40,18,-85,18,26,12,23,1847,18,-39,1,0,1698,-2,5,13,46,94,168,2839,2969,3501,3371,863,964,948,970,4931,5139,3832,4082,94,102,471,434
1777977897388,2026-05-05T10:44:57.388Z,32767,40,24,-84,20,36,12,30,3526,23,-33,1,0,1695,0,2,23,131,137,156,3291,3195,3461,3544,898,917,974,962,4971,5050,3977,3976,102,93,403,388
1777977897497,2026-05-05T10:44:57.497Z,32767,39,20,-65,18,36,12,31,2918,32,-25,1,0,2227,4,13,37,167,189,179,3421,3470,3476,3697,961,926,1003,945,4805,4964,3932,3958,93,96,446,393
1777977897606,2026-05-05T10:44:57.606Z,32767,40,26,-72,24,38,12,41,3872,34,-9,1,0,2040,10,12,37,166,243,208,3463,3488,3669,3604,975,1004,973,1026,4882,5131,3790,3938,98,90,425,323
1777977897714,2026-05-05T10:44:57.714Z,32767,40,24,-61,30,45,12,45,5219,37,-3,1,0,2267,16,24,49,227,219,227,3657,3799,3668,3726,1033,990,1026,1037,5150,4810,4036,3878,92,90,358,281
1777977897824,2026-05-05T10:44:57.824Z,32767,42,31,-39,29,42,12,60,5858,41,9,1,0,2625,20,26,48,220,294,300,3642,3989,3850,4003,992,954,974,1016,4718,4713,3621,3876,85,81,339,328
1777977897932,2026-05-05T10:44:57.932Z,32767,42,31,-28,32,48,13,64,5559,48,7,1,0,2997,21,29,64,233,309,281,3677,3773,4001,4141,1026,972,1026,982,4659,4943,3752,3453,88,82,303,298
1777977898041,2026-05-05T10:44:58.041Z,32767,43,33,-11,36,55,13,64,6610,57,27,1,0,3061,26,29,72,274,296,338,3885,3853,4050,4153,1010,950,984,952,4826,4847,3448,3368,86,76,205,209
1777977898149,2026-05-05T10:44:58.149Z,32767,42,35,-13,45,58,13,72,7643,63,39,1,0,3305,33,38,72,340,341,349,3803,3991,4079,3881,1011,985,998,988,4409,4505,3338,3492,77,73,233,195
1777977898258,2026-05-05T10:44:58.258Z,32767,44,41,2,44,62,13,76,8253,61,31,1,0,3371,34,40,92,321,371,340,3974,3896,4042,3971,989,1015,968,920,4441,4274,3379,3017,76,73,166,126
1777977898366,2026-05-05T10:44:58.366Z,32767,44,39,30,48,69,13,90,8713,65,46,1,0,3291,38,38,93,366,317,391,4139,4175,4136,4021,978,948,960,893,4293,4014,3070,2819,68,65,104,103
1777977898475,2026-05-05T10:44:58.475Z,32767,44,42,47,54,72,13,92,8665,79,52,1,0,3662,38,46,84,382,348,356,3925,3908,3842,3772,902,968,879,866,4250,3986,3049,2907,68,63,74,-33
1777977898583,2026-05-05T10:44:58.583Z,32767,46,50,40,63,84,13,106,10131,82,62,1,0,3761,43,49,89,347,390,356,3803,3992,3871,3683,892,947,828,873,3930,3959,2806,2806,58,51,-27,-42
1777977898692,2026-05-05T10:44:58.692Z,32767,46,52,79,68,84,14,104,10250,81,69,1,0,3765,51,45,92,393,354,341,4056,3950,3744,3516,944,911,855,812,3517,3309,2462,2318,53,49,-43,-107
1777977898801,2026-05-05T10:44:58.801Z,32767,48,51,91,69,89,14,116,11338,87,69,1,0,3810,47,46,104,363,372,352,3810,3657,3662,3420,825,851,758,784,3564,3524,2418,2047,49,47,-128,-115
1777977898910,2026-05-05T10:44:58.910Z,32767,48,55,93,71,89,14,120,11526,87,80,1,1,3823,45,52,94,356,349,340,3796,3835,3782,3305,841,780,703,664,3262,2941,2125,1986,45,36,-145,-192
1777977899017,2026-05-05T10:44:59.017Z,32767,49,56,121,81,103,14,135,12075,89,86,1,1,3851,52,46,95,370,371,324,3898,3408,3525,3261,744,710,682,701,3210,2590,1913,2037,40,38,-190,-252
1777977899126,2026-05-05T10:44:59.126Z,32767,50,59,128,77,104,14,130,12461,95,92,1,1,4155,52,46,87,347,306,310,3644,3527,3414,3038,772,706,653,570,2814,2573,1985,1583,41,30,-212,-309
1777977899235,2026-05-05T10:44:59.235Z,32767,49,67,130,80,107,14,142,11969,97,88,1,1,3817,49,44,85,342,291,285,3488,3137,3250,2916,664,624,593,580,2442,2262,1722,1607,34,22,-274,-275
1777977899344,2026-05-05T10:44:59.344Z,32767,51,65,152,91,106,14,146,12402,97,102,1,1,3987,50,46,90,275,302,272,3213,3137,2964,2918,655,615,559,506,2356,2098,1402,1165,30,26,-348,-339
1777977899451,2026-05-05T10:44:59.451Z,32767,51,68,163,87,109,14,138,13352,102,101,1,1,3814,44,45,77,264,283,247,3206,2964,2861,2487,579,547,499,505,1983,1764,1241,905,22,22,-400,-408
1777977899559,2026-05-05T10:44:59.559Z,32767,51,69,174,91,117,15,143,13041,95,97,1,1,4054,48,43,73,259,231,217,3072,2929,2700,2609,601,554,432,453,1645,1807,1186,1067,22,12,-358,-448
1777977899669,2026-05-05T10:44:59.669Z,32767,52,72,187,94,121,15,144,12747,98,105,1,1,3968,45,41,71,223,219,203,2759,2557,2462,2047,506,418,387,393,1781,1203,944,867,16,10,-402,-453
1777977899778,2026-05-05T10:44:59.778Z,32767,53,73,195,92,116,14,157,12554,102,104,1,1,3746,36,35,69,208,165,125,2437,2542,2196,2161,493,371,367,296,1155,935,742,711,16,11,-455,-489
1777977899887,2026-05-05T10:44:59.887Z,32767,53,77,183,94,120,14,151,12760,98,93,1,1,3672,38,36,52,206,157,126,2638,2134,1880,1888,390,323,310,271,1110,1152,459,471,8,3,-488,-458
1777977899995,2026-05-05T10:44:59.995Z,32767,53,75,190,100,119,14,148,12691,92,90,1,1,3506,28,29,44,140,95,74,2393,2003,1954,1665,411,338,245,250,791,630,516,277,9,5,-458,-524
1777977900104,2026-05-05T10:45:00.104Z,32767,54,81,186,97,123,14,152,12674,91,80,1,1,3472,34,25,50,102,88,11,1983,1758,1505,1292,326,240,277,214,810,699,380,407,0,5,-472,-461
1777977900212,2026-05-05T10:45:00.212Z,32767,54,80,201,98,123,14,149,11977,92,86,1,1,3215,28,21,28,56,26,18,1863,1571,1406,1111,235,190,208,162,789,564,347,353,-2,4,-488,-508
1777977900321,2026-05-05T10:45:00.321Z,32767,55,81,200,99,123,14,148,12653,87,63,1,1,3018,16,11,21,54,27,-35,1452,1365,1330,970,234,210,135,116,602,431,41,31,3,5,-530,-508
1777977900431,2026-05-05T10:45:00.431Z,32767,54,79,201,96,112,14,133,11540,81,65,1,1,2741,15,15,15,32,-53,-37,1263,1271,1040,997,196,172,104,47,237,424,-110,-40,0,-3,-499,-526
1777977900540,2026-05-05T10:45:00.540Z,32767,55,80,198,95,110,14,139,11774,78,60,1,1,2773,6,6,3,-38,-35,-117,1450,1138,1049,641,137,70,98,28,207,257,50,-149,-3,0,-461,-510
1777977900649,2026-05-05T10:45:00.649Z,32767,55,78,198,95,116,14,137,10806,75,42,1,1,2410,3,4,2,-52,-72,-97,919,825,677,711,123,101,50,72,197,-172,-159,-171,0,4,-509,-435
1777977900757,2026-05-05T10:45:00.757Z,32767,54,77,193,91,113,14,131,10932,77,34,1,1,2167,4,-5,-14,-133,-131,-179,1046,871,509,376,105,12,61,-22,224,216,182,-25,3,0,-416,-417
1777977900867,2026-05-05T10:45:00.867Z,32767,54,75,183,89,106,14,125,10006,74,32,1,1,2047,-6,-9,-28,-143,-185,-182,947,728,360,180,53,54,-8,43,7,-186,160,-10,5,1,-465,-455
1777977900975,2026-05-05T10:45:00.975Z,32767,54,73,157,90,100,14,111,8893,68,16,1,1,1827,-7,-17,-43,-160,-216,-225,446,408,521,391,-4,-27,24,3,157,251,230,94,4,10,-441,-399
1777977901084,2026-05-05T10:45:01.084Z,32767,54,73,169,85,101,14,102,8488,56,9,1,2,1569,-10,-19,-39,-183,-259,-255,302,143,388,240,-5,-2,34,-17,-56,5,-77,120,5,13,-349,-302
1777977901192,2026-05-05T10:45:01.192Z,32767,54,69,149,80,95,14,104,7776,53,5,1,2,1465,-15,-24,-51,-197,-233,-300,179,141,279,-103,11,26,-14,41,-159,141,207,86,9,13,-370,-287
1777977901301,2026-05-05T10:45:01.301Z,32767,53,67,126,79,91,13,87,7411,54,-17,1,2,1272,-24,-31,-55,-227,-312,-277,402,53,-102,39,16,7,4,35,-116,-21,444,340,15,14,-342,-296
1777977901410,2026-05-05T10:45:01.410Z,32767,52,69,137,76,80,13,84,6392,47,-15,1,2,907,-25,-27,-70,-243,-298,-294,-15,232,-121,-60,-16,-20,-34,-9,309,228,366,302,14,23,-275,-192
1777977901518,2026-05-05T10:45:01.518Z,32767,52,64,119,67,83,13,83,6024,45,-27,1,2,903,-34,-30,-84,-299,-297,-304,145,-110,191,-104,5,55,-26,34,102,400,499,599,21,27,-217,-144
1777977901627,2026-05-05T10:45:01.627Z,32767,51,61,104,65,76,13,64,5876,34,-38,1,2,672,-33,-43,-89,-292,-315,-379,-66,-121,10,87,-28,45,85,18,335,788,664,800,28,25,-168,-128
1777977901738,2026-05-05T10:45:01.738Z,32767,50,59,78,60,75,13,64,4780,30,-39,1,2,405,-36,-43,-88,-307,-353,-336,-68,-180,116,-104,47,2,52,120,465,935,747,1059,25,30,-163,-42
1777977901847,2026-05-05T10:45:01.847Z,32767,49,58,82,52,71,13,57,4108,30,-49,1,2,482,-38,-43,-98,-319,-350,-381,-143,-126,30,4,15,62,92,85,565,756,787,1263,33,35,-114,-15
1777977901956,2026-05-05T10:45:01.956Z,32767,49,51,41,52,63,12,51,3837,20,-68,1,2,513,-42,-46,-91,-346,-365,-392,42,229,182,-16,39,57,104,108,941,1353,920,1101,37,46,-71,46
1777977902064,2026-05-05T10:45:02.064Z,32767,49,51,24,50,57,12,33,3461,17,-63,1,2,414,-45,-47,-100,-339,-356,-346,66,156,348,344,94,101,201,182,930,1380,1409,1657,37,50,26,65
1777977902172,2026-05-05T10:45:02.172Z,32767,47,48,33,44,56,12,28,2439,14,-85,1,2,302,-43,-52,-104,-352,-345,-345,-11,293,317,544,85,141,144,206,1261,1382,1647,1710,50,54,47,124
1777977902282,2026-05-05T10:45:02.282Z,32767,47,43,20,37,43,12,25,1741,7,-85,1,2,-112,-53,-50,-98,-393,-388,-378,191,83,250,435,161,190,246,237,1612,1735,1809,2003,49,57,115,137
1777977902393,2026-05-05T10:45:02.393Z,32767,46,39,-6,34,39,12,29,1516,7,-78,1,2,158,-49,-49,-90,-379,-366,-347,176,250,595,452,225,261,248,341,1913,2330,1754,2071,55,61,151,199
1777977902501,2026-05-05T10:45:02.501Z,32767,45,41,-6,28,42,12,19,1761,2,-101,1,2,47,-54,-48,-94,-376,-297,-295,198,454,476,619,267,281,282,327,2058,2544,2202,2257,58,66,229,295
1777977902609,2026-05-05T10:45:02.609Z,32767,44,34,-27,28,36,12,13,740,1,-101,1,2,40,-48,-44,-87,-320,-325,-310,650,705,682,851,298,303,370,445,2412,2473,2122,2663,64,66,290,312
1777977902717,2026-05-05T10:45:02.717Z,32767,43,36,-33,21,33,12,5,552,2,-108,1,2,-103,-44,-46,-98,-313,-288,-252,617,867,791,1261,313,365,372,482,2431,3050,2394,2843,71,79,297,374
1777977902826,2026-05-05T10:45:02.826Z,32767,43,31,-59,16,29,12,2,-97,4,-92,1,2,227,-47,-45,-90,-270,-290,-284,670,998,914,1393,351,420,493,490,2908,2967,2664,2664,76,83,290,385
1777977902936,2026-05-05T10:45:02.936Z,32767,43,31,-70,16,26,12,4,-504,-4,-108,1,2,12,-47,-41,-82,-251,-234,-242,810,937,1165,1370,403,480,492,522,3301,3134,2645,3216,77,82,406,378
1777977903044,2026-05-05T10:45:03.044Z,32767,42,28,-84,17,20,12,0,-554,4,-89,1,2,62,-45,-43,-67,-230,-227,-221,1253,1464,1390,1759,510,559,519,609,3538,3322,3211,3292,88,90,441,430
1777977903151,2026-05-05T10:45:03.151Z,32767,41,24,-95,9,25,11,-4,-636,4,-93,1,2,261,-40,-33,-77,-236,-204,-185,1246,1480,1844,1695,500,535,569,673,3757,3887,3271,3272,83,86,403,462
1777977903259,2026-05-05T10:45:03.259Z,32767,42,22,-77,15,21,11,-4,-597,4,-103,0,3,238,-37,-31,-71,-181,-183,-102,1413,1807,1700,2009,581,622,620,727,3944,3991,3406,3514,85,92,467,454
1777977903369,2026-05-05T10:45:03.369Z,32767,41,19,-89,14,18,11,7,-486,4,-98,0,3,351,-36,-33,-60,-167,-118,-60,1712,1976,2029,2263,657,660,699,801,3992,4321,3590,3412,93,99,459,508
1777977903479,2026-05-05T10:45:03.479Z,32767,41,21,-86,12,23,12,-2,568,6,-77,0,3,602,-28,-27,-41,-107,-91,-79,1884,2176,2299,2601,703,710,786,842,4019,4256,3641,3685,95,98,491,480
1777977903587,2026-05-05T10:45:03.587Z,32767,40,18,-106,11,19,11,-3,-108,10,-77,0,3,749,-31,-22,-26,-61,-74,-34,2082,2121,2544,2548,725,749,747,849,4516,4583,3560,3996,98,98,523,536
1777977903696,2026-05-05T10:45:03.696Z,32767,39,21,-86,14,24,12,0,185,7,-67,0,3,803,-17,-22,-28,-33,-28,-21,2219,2515,2576,2768,773,779,834,875,4319,4571,3927,3904,101,98,498,534
1777977903805,2026-05-05T10:45:03.805Z,32767,39,18,-100,10,24,12,7,960,13,-69,0,3,1077,-14,-14,-25,-6,-16,68,2594,2501,2691,2934,784,840,849,855,4631,4747,3938,3786,102,103,520,453
1777977903914,2026-05-05T10:45:03.914Z,32767,39,17,-111,11,27,12,10,1073,17,-67,0,3,1280,-14,-7,-4,45,25,63,2764,2895,3196,3192,859,882,895,882,4677,5103,3800,3891,100,97,503,528
1777977904023,2026-05-05T10:45:04.023Z,32767,39,20,-105,12,29,12,18,1816,19,-47,0,3,1570,-9,-4,12,12,107,145,2922,3154,3358,3496,859,928,909,906,4679,4748,3952,3939,104,104,531,443
1777977904132,2026-05-05T10:45:04.132Z,32767,40,19,-96,12,33,12,15,1962,22,-47,0,3,1496,0,3,12,63,129,125,3014,2989,3394,3561,855,906,940,992,5168,5074,3808,3798,95,100,451,462
1777977904240,2026-05-05T10:45:04.240Z,32767,40,24,-74,20,29,12,30,3447,22,-44,0,3,1760,1,5,25,111,169,195,3127,3506,3625,3422,923,970,1013,1033,4817,4772,3916,3962,101,93,443,444
1777977904347,2026-05-05T10:45:04.347Z,32767,41,26,-77,19,31,12,28,3231,30,-35,0,3,1990,8,13,24,121,200,240,3252,3540,3436,3681,930,948,965,987,5057,4802,3901,3746,95,92,435,406
1777977904456,2026-05-05T10:45:04.456Z,32767,40,23,-64,25,42,12,47,4437,34,-25,0,3,2420,8,15,50,214,191,215,3491,3617,3554,3714,969,1007,948,1015,5027,4782,3761,3910,93,96,415,389
1777977904563,2026-05-05T10:45:04.563Z,32767,40,25,-62,26,40,12,41,4145,38,1,0,3,2313,16,19,55,220,207,238,3769,3520,3683,3930,950,947,957,1019,4766,4787,3888,3964,89,87,327,351
1777977904672,2026-05-05T10:45:04.672Z,32767,41,32,-43,33,44,13,50,5849,50,11,0,3,2498,19,23,63,220,293,258,3804,3999,3823,3986,992,986,965,1004,4726,4739,3893,3575,93,84,314,303
1777977904780,2026-05-05T10:45:04.780Z,32767,42,31,-30,35,51,13,69,5580,51,6,0,3,3027,24,29,73,261,273,328,3845,3944,3810,4124,982,1021,999,997,4864,4968,3497,3584,84,85,258,267
1777977904888,2026-05-05T10:45:04.888Z,32767,42,34,-29,36,52,13,71,6330,56,18,0,3,2880,32,33,67,276,314,354,3969,3803,4034,3890,1047,1009,941,1010,4558,4397,3551,3533,80,83,235,215
1777977904997,2026-05-05T10:45:04.997Z,32767,43,37,3,39,63,13,79,6758,62,31,0,3,3359,33,36,74,333,348,368,4015,3997,3885,3864,965,969,925,988,4452,4627,3463,3345,75,72,218,161
1777977905106,2026-05-05T10:45:05.106Z,32767,43,41,23,51,64,13,88,7979,66,49,0,3,3296,38,41,88,353,338,342,3899,4109,4056,3916,990,1004,977,943,4502,4247,3485,2966,79,74,169,58
1777977905214,2026-05-05T10:45:05.214Z,32767,44,41,11,49,69,13,89,8845,66,52,0,3,3499,43,44,90,308,335,347,3868,3965,4054,3902,995,920,943,851,4282,4183,3076,3104,71,69,113,68
1777977905321,2026-05-05T10:45:05.321Z,32767,45,45,51,59,73,13,94,8701,77,65,0,3,3468,45,44,98,332,327,333,4060,3780,4127,3904,967,907,854,887,4102,3702,2959,2718,63,64,98,-14
1777977905429,2026-05-05T10:45:05.429Z,32767,46,48,61,59,83,13,103,10018,82,64,1,4,3890,44,51,93,376,333,335,3946,3738,3845,3869,946,847,875,802,4089,3580,2967,2428,56,55,1,-47
1777977905538,2026-05-05T10:45:05.538Z,32767,46,52,56,68,91,13,116,10049,84,64,1,4,3803,44,46,97,389,392,345,3904,4020,3982,3866,927,886,868,771,3885,3388,2462,2453,55,47,-35,-100
1777977905646,2026-05-05T10:45:05.646Z,32767,48,52,93,67,88,14,116,10737,86,75,1,4,3758,51,49,95,347,388,317,3818,3834,3606,3511,888,831,740,700,3306,3384,2550,2026,49,47,-105,-186
1777977905754,2026-05-05T10:45:05.754Z,32767,48,56,91,77,98,14,125,11425,95,92,1,4,4011,53,54,103,330,317,351,3795,3659,3665,3345,820,758,757,736,3259,3049,2231,1832,48,35,-101,-144
1777977905861,2026-05-05T10:45:05.861Z,32767,48,59,101,78,97,14,128,11145,97,91,1,4,3970,47,49,97,316,366,323,3633,3477,3486,3411,744,748,688,693,2826,2981,2165,1911,42,31,-224,-228
1777977905970,2026-05-05T10:45:05.970Z,32767,50,65,140,77,102,14,133,12724,92,91,1,4,4183,52,53,101,365,335,311,3498,3338,3123,3135,737,742,671,636,2912,2752,1941,1582,33,29,-232,-291
1777977906078,2026-05-05T10:45:06.078Z,32767,51,67,133,86,106,14,138,12370,95,93,1,4,3811,51,46,99,349,291,283,3281,3328,3164,2808,746,647,651,507,2453,2309,1643,1610,31,23,-297,-334
1777977906186,2026-05-05T10:45:06.186Z,32767,52,68,161,86,115,14,135,13267,97,102,1,4,3898,47,43,96,319,266,260,3418,3085,3075,2690,693,644,566,489,2290,1983,1479,1144,23,21,-324,-341
1777977906295,2026-05-05T10:45:06.295Z,32767,51,68,164,88,113,14,143,13379,99,102,1,4,3775,49,41,93,305,225,245,2993,3160,2890,2541,567,581,498,470,1868,1630,1147,958,26,21,-365,-389
1777977906403,2026-05-05T10:45:06.403Z,32767,52,71,182,89,112,14,153,12309,102,91,1,4,3724,42,37,72,279,248,208,3013,2958,2667,2254,536,509,447,414,1876,1767,971,997,14,17,-360,-464
1777977906514,2026-05-05T10:45:06.514Z,32767,53,72,169,95,118,14,143,12403,100,93,1,4,3873,37,41,65,222,236,156,2967,2753,2403,2349,533,436,440,389,1629,1378,889,700,13,15,-443,-395
1777977906621,2026-05-05T10:45:06.621Z,32767,53,73,191,99,121,14,149,13619,103,105,1,4,3884,40,36,67,205,158,116,2533,2302,2406,1922,480,358,355,351,1273,1068,580,388,6,9,-442,-457
1777977906729,2026-05-05T10:45:06.729Z,32767,53,78,189,102,121,14,152,13378,101,85,1,4,3629,38,35,66,149,112,123,2412,2396,2094,1996,451,343,319,247,894,704,431,258,10,1,-466,-505
1777977906838,2026-05-05T10:45:06.838Z,32767,54,77,181,98,122,14,153,12832,92,82,1,4,3525,31,30,44,160,101,75,2264,1874,1895,1636,316,310,298,229,774,606,546,347,5,6,-454,-502
1777977906946,2026-05-05T10:45:06.946Z,32767,54,80,193,101,117,14,146,12734,94,77,1,4,3292,26,25,45,82,40,31,1911,1796,1712,1481,291,282,265,165,737,510,243,35,-1,2,-525,-472
1777977907055,2026-05-05T10:45:07.055Z,32767,55,81,197,97,116,15,140,12465,94,70,1,4,3124,24,22,25,98,72,23,1739,1554,1376,1109,311,238,227,176,484,421,227,219,6,-1,-491,-501
1777977907165,2026-05-05T10:45:07.165Z,32767,54,78,204,98,118,14,138,12145,86,62,1,4,3096,17,11,24,10,24,-56,1748,1524,1261,1075,250,160,112,102,207,95,234,238,-3,1,-515,-477
1777977907273,2026-05-05T10:45:07.273Z,32767,54,79,186,94,116,14,144,11828,82,58,1,4,2716,13,10,19,-19,-8,-72,1336,1230,893,857,146,144,142,55,126,71,86,134,2,-2,-531,-484
1777977907381,2026-05-05T10:45:07.381Z,32767,54,79,202,96,114,14,135,10597,79,57,1,4,2708,10,10,9,-2,-98,-116,1103,1051,1079,681,108,96,39,47,277,14,49,106,2,0,-511,-427
1777977907490,2026-05-05T10:45:07.490Z,32767,54,77,202,99,112,14,134,10859,83,53,1,4,2227,10,4,0,-100,-86,-146,862,864,851,709,100,91,29,27,291,245,167,47,1,3,-464,-495
1777977907599,2026-05-05T10:45:07.599Z,32767,55,78,178,91,111,14,116,10572,73,32,1,5,2293,-1,-2,-23,-108,-108,-188,757,880,441,246,108,81,63,65,-38,30,-187,-146,2,0,-462,-449
1777977907708,2026-05-05T10:45:07.708Z,32767,54,75,162,89,108,14,123,10112,69,30,1,5,1879,-2,-8,-37,-108,-191,-177,652,628,445,505,86,5,-6,47,139,154,13,-147,6,8,-453,-388
1777977907817,2026-05-05T10:45:07.817Z,32767,53,76,157,88,101,14,114,9486,67,15,1,5,1820,-13,-10,-37,-140,-187,-238,651,484,171,39,27,-21,-13,-26,-63,250,20,299,0,5,-404,-343
1777977907926,2026-05-05T10:45:07.926Z,32767,54,70,147,84,102,14,100,8965,60,9,1,5,1590,-18,-17,-40,-205,-265,-283,518,371,329,212,37,-36,-1,9,-185,81,-41,201,9,10,-326,-368
1777977908034,2026-05-05T10:45:08.034Z,32767,53,71,144,82,99,14,102,7885,56,-2,1,5,1361,-19,-28,-47,-263,-220,-269,463,86,19,-99,-23,37,-29,18,-59,174,47,336,12,8,-344,-339
1777977908141,2026-05-05T10:45:08.141Z,32767,53,67,124,79,87,14,95,7661,54,-18,1,5,1413,-24,-28,-57,-222,-280,-307,54,-4,106,116,-30,40,41,27,21,314,283,504,16,20,-305,-234
1777977908249,2026-05-05T10:45:08.249Z,32767,52,68,125,74,82,13,81,6423,50,-15,1,5,867,-29,-29,-80,-300,-328,-304,182,-96,26,101,0,27,48,32,147,289,442,469,12,18,-242,-192
1777977908358,2026-05-05T10:45:08.358Z,32767,51,61,95,65,78,13,81,6373,44,-26,1,5,829,-33,-35,-80,-276,-305,-367,-16,-11,50,152,-42,20,11,56,524,557,302,638,19,27,-173,-200
1777977908468,2026-05-05T10:45:08.468Z,32767,51,59,103,66,79,13,75,5172,30,-43,1,5,546,-36,-34,-89,-300,-344,-317,-73,74,6,-105,-32,7,27,66,676,560,661,806,19,23,-137,-146
1777977908576,2026-05-05T10:45:08.576Z,32767,50,56,85,56,65,13,64,4346,30,-49,1,5,555,-42,-43,-95,-327,-372,-376,42,133,-64,-66,71,52,83,44,441,856,747,1097,28,36,-95,-81
1777977908684,2026-05-05T10:45:08.684Z,32767,49,59,76,55,67,13,53,3771,31,-62,1,5,525,-45,-41,-86,-364,-380,-391,76,-180,229,187,63,25,115,88,985,985,830,1205,35,38,-107,-52
1777977908793,2026-05-05T10:45:08.793Z,32767,48,52,46,53,59,13,51,3964,20,-55,1,5,202,-39,-43,-105,-370,-331,-349,163,-108,152,151,32,143,131,130,1116,1294,1049,1379,37,42,-18,65
1777977908902,2026-05-05T10:45:08.902Z,32767,48,48,21,45,57,12,41,2986,16,-68,1,5,165,-45,-44,-97,-350,-329,-329,0,173,216,261,71,84,154,227,1370,1373,1250,1612,42,51,-11,50
1777977909010,2026-05-05T10:45:09.010Z,32767,47,49,15,38,47,12,31,1753,17,-83,1,5,336,-46,-51,-98,-350,-344,-323,-80,44,190,195,91,208,155,273,1438,1648,1654,1853,49,51,55,172
1777977909120,2026-05-05T10:45:09.120Z,32767,47,42,18,38,43,12,26,1379,13,-82,1,5,-61,-47,-49,-109,-373,-318,-318,316,294,256,680,113,234,202,263,1461,1649,1505,2029,51,61,150,178
1777977909228,2026-05-05T10:45:09.228Z,32767,45,40,3,38,39,12,26,1305,9,-82,1,5,84,-49,-54,-106,-326,-343,-357,304,260,621,519,167,226,298,334,1787,2265,1769,2296,59,57,162,221
1777977909336,2026-05-05T10:45:09.336Z,32767,45,37,-32,32,41,12,9,747,8,-100,1,5,135,-49,-52,-93,-376,-323,-347,390,531,815,717,265,321,285,368,2269,2208,2197,2344,58,70,199,214
1777977909444,2026-05-05T10:45:09.444Z,32767,44,37,-20,28,30,12,18,1072,5,-104,1,5,-91,-53,-46,-91,-359,-337,-322,381,731,732,905,322,288,392,431,2297,2790,2112,2620,65,73,291,267
1777977909553,2026-05-05T10:45:09.553Z,32767,44,36,-55,18,34,12,7,932,2,-106,1,5,-24,-46,-47,-96,-333,-310,-275,542,732,1005,1080,289,367,390,503,2794,3005,2484,2518,71,76,326,318
1777977909663,2026-05-05T10:45:09.663Z,32767,43,28,-60,18,29,12,9,-326,0,-107,1,5,118,-48,-50,-77,-261,-304,-255,888,931,975,1255,395,381,498,479,2899,2874,2491,2843,76,83,386,396
1777977909772,2026-05-05T10:45:09.772Z,32767,42,26,-62,13,27,12,0,-110,-3,-98,1,6,122,-48,-45,-75,-238,-247,-214,912,1104,1516,1333,450,504,526,595,3300,3174,2719,3039,83,81,330,420
1777977909881,2026-05-05T10:45:09.881Z,32767,42,26,-78,18,28,12,-1,-178,-2,-98,1,6,230,-45,-40,-65,-236,-234,-190,1285,1496,1410,1517,425,536,587,631,3439,3410,2865,3411,86,90,439,458
1777977909990,2026-05-05T10:45:09.990Z,32767,40,23,-77,17,25,11,7,-617,-4,-98,1,6,313,-39,-35,-63,-215,-195,-174,1140,1632,1509,1975,508,536,608,656,3469,4007,3111,3530,83,95,388,434
1777977910099,2026-05-05T10:45:10.099Z,32767,41,25,-94,14,23,12,-6,-117,0,-99,1,6,439,-33,-31,-69,-189,-121,-114,1399,1570,1706,2249,621,619,667,763,3913,4027,3253,3591,92,92,442,426
1777977910206,2026-05-05T10:45:10.206Z,32767,40,24,-79,6,18,11,-4,335,2,-91,1,6,498,-37,-25,-58,-144,-120,-54,1626,1730,2298,2499,635,663,741,783,4218,3996,3467,3485,98,94,513,515
1777977910315,2026-05-05T10:45:10.315Z,32767,40,20,-88,11,19,11,-1,69,1,-78,1,6,611,-32,-24,-47,-155,-69,-41,1793,2175,2341,2309,661,751,789,790,4413,4572,3799,3589,93,101,482,525
1777977910424,2026-05-05T10:45:10.424Z,32767,39,20,-87,14,15,12,8,1101,7,-74,1,6,927,-28,-22,-32,-88,-46,-18,1958,2377,2538,2588,766,793,832,865,4284,4544,3878,3834,94,98,452,461
1777977910533,2026-05-05T10:45:10.533Z,32767,39,18,-96,8,19,11,11,1210,12,-70,1,6,1137,-24,-17,-18,-38,-7,51,2191,2378,2733,2785,795,760,815,870,4308,4670,3789,3997,98,95,525,457
1777977910642,2026-05-05T10:45:10.642Z,32767,40,19,-99,9,23,12,3,1745,12,-68,1,6,1107,-14,-16,-10,12,50,46,2677,2605,3038,3168,837,848,907,909,4630,4931,3753,4108,95,103,524,444
1777977910750,2026-05-05T10:45:10.750Z,32767,39,17,-91,8,25,12,15,1466,11,-53,1,6,1435,-7,-11,-7,50,63,114,2838,2877,2909,3295,880,880,886,979,4882,4971,3956,3861,97,102,449,438
1777977910860,2026-05-05T10:45:10.860Z,32767,40,19,-89,14,25,12,25,2183,22,-43,1,6,1587,-4,-6,14,56,65,94,2780,2916,3114,3517,885,915,914,986,5095,4855,3855,3805,101,103,526,504
1777977910969,2026-05-05T10:45:10.969Z,32767,40,21,-86,19,24,12,18,2695,21,-51,1,6,1606,-6,5,21,61,100,151,2922,3350,3171,3610,883,919,936,941,4805,5062,3993,3910,98,98,461,398
1777977911078,2026-05-05T10:45:11.078Z,32767,39,25,-65,21,35,12,35,2477,25,-36,1,6,1920,4,2,17,133,136,210,3080,3346,3650,3698,941,973,933,1011,5037,4859,3954,3807,94,95,437,458
1777977911187,2026-05-05T10:45:11.187Z,32767,40,23,-81,23,34,12,42,3999,30,-25,1,6,2189,3,14,32,165,157,222,3440,3479,3619,3913,918,954,957,1013,5133,5017,4060,4011,100,92,379,369
1777977911295,2026-05-05T10:45:11.295Z,32767,40,27,-74,23,40,12,36,3817,37,-18,1,6,2477,11,17,45,186,247,267,3353,3519,3757,3680,982,1020,1044,1044,4921,4879,3792,3906,92,91,349,400
1777977911405,2026-05-05T10:45:11.405Z,32767,40,27,-48,31,47,12,52,4610,45,0,1,6,2429,13,24,51,228,223,273,3736,3892,3917,3751,974,1016,1024,981,4815,4731,3808,3837,92,91,357,339
1777977911514,2026-05-05T10:45:11.514Z,32767,41,29,-48,32,51,12,56,5867,46,9,1,6,2540,21,23,52,214,240,302,3686,3991,4061,4117,998,952,1023,1013,4663,4984,3905,3700,91,84,313,285
1777977911622,2026-05-05T10:45:11.622Z,32767,42,31,-20,31,54,13,64,5799,57,13,1,6,3070,30,30,58,243,326,302,3746,3861,4134,3836,1008,1045,1000,1028,4912,4765,3696,3606,87,78,315,237
1777977911730,2026-05-05T10:45:11.730Z,32767,43,34,-15,41,57,13,64,7269,58,22,1,6,2998,29,35,82,257,309,299,4001,3800,3979,4138,979,1014,964,918,4759,4690,3488,3490,83,81,253,212
1777977911838,2026-05-05T10:45:11.838Z,32767,44,35,10,42,64,13,77,7467,60,28,1,6,3399,32,42,81,278,297,331,3794,3906,3906,3997,1009,963,923,961,4490,4604,3569,3132,75,75,204,179
1777977911947,2026-05-05T10:45:11.947Z,32767,44,42,15,50,67,13,79,8698,66,50,1,0,3314,42,42,93,301,310,347,4085,4096,3821,4133,943,979,927,906,4617,4409,3284,3149,77,73,101,141
1777977912055,2026-05-05T10:45:12.055Z,32767,44,40,42,50,67,13,91,8737,76,58,1,0,3338,44,38,89,359,323,374,4034,3853,3980,3883,984,965,900,913,4336,4132,3032,2773,65,62,73,89
1777977912164,2026-05-05T10:45:12.164Z,32767,44,44,35,57,80,13,102,8686,79,54,1,0,3547,42,44,93,384,350,364,3912,4124,3901,3970,894,936,858,823,4234,4010,3069,2621,59,63,77,-44
1777977912271,2026-05-05T10:45:12.271Z,32767,45,46,68,59,79,13,113,9575,78,71,1,0,3886,50,51,103,324,325,348,4068,4085,3994,3757,907,925,902,860,3668,3567,2586,2557,55,59,-3,-25
1777977912378,2026-05-05T10:45:12.378Z,32767,47,49,59,61,83,14,115,9867,81,65,1,0,3713,45,48,97,327,369,320,3804,3755,3763,3782,938,899,808,828,3818,3692,2391,2436,50,52,-55,-57
1777977912486,2026-05-05T10:45:12.486Z,32767,48,55,80,69,90,14,127,10946,91,86,1,0,3995,53,51,93,383,338,354,4036,3875,3839,3510,811,790,737,777,3689,3292,2245,2265,46,49,-66,-163
1777977912596,2026-05-05T10:45:12.596Z,32767,48,56,108,74,97,14,130,10902,93,81,1,0,3952,50,51,96,386,371,303,3665,3821,3629,3224,819,808,751,661,3300,3091,2247,1809,40,37,-170,-219
1777977912706,2026-05-05T10:45:12.706Z,32767,49,57,108,82,102,14,138,12330,90,96,1,0,3884,45,50,90,360,330,309,3609,3483,3282,3352,808,733,676,690,3114,2870,1997,1749,37,32,-204,-250
1777977912814,2026-05-05T10:45:12.814Z,32767,50,62,124,84,104,14,134,12228,96,92,1,0,4181,45,51,91,307,314,328,3374,3430,3332,3136,726,663,599,604,2565,2248,1843,1740,29,31,-265,-309
1777977912922,2026-05-05T10:45:12.922Z,32767,51,62,136,83,107,14,137,13007,93,100,1,0,4165,52,47,95,340,331,276,3598,3241,3263,2782,683,633,569,580,2646,2323,1554,1191,27,23,-329,-358
1777977913031,2026-05-05T10:45:13.031Z,32767,51,66,161,88,114,14,148,12901,102,103,1,0,4157,43,50,91,272,262,252,3143,3227,3006,2776,596,637,535,484,2076,1831,1274,1098,23,19,-312,-406
1777977913140,2026-05-05T10:45:13.140Z,32767,52,72,161,87,113,14,139,12690,99,105,1,0,3727,50,43,82,302,291,207,2979,3054,2870,2769,614,498,459,413,2039,1951,1060,886,20,19,-399,-397
1777977913249,2026-05-05T10:45:13.249Z,32767,52,71,161,96,110,14,142,13190,95,102,1,0,3692,41,44,82,254,248,189,2892,2737,2444,2257,495,494,439,438,1633,1277,1199,1022,14,18,-376,-457
1777977913358,2026-05-05T10:45:13.358Z,32767,52,76,189,92,118,15,156,12490,97,88,1,0,3752,39,38,61,230,217,205,2652,2758,2375,2137,527,472,416,362,1319,1189,755,852,10,15,-414,-472
1777977913468,2026-05-05T10:45:13.468Z,32767,53,75,174,94,120,15,150,13495,99,99,1,0,3612,40,35,69,220,180,125,2708,2284,2105,1813,429,346,391,327,1188,1089,855,681,11,10,-421,-468
1777977913576,2026-05-05T10:45:13.576Z,32767,54,79,205,94,114,14,143,12274,97,101,1,0,3673,32,27,64,141,168,71,2277,2234,2081,1662,430,338,325,298,886,925,620,480,6,3,-501,-434
1777977913686,2026-05-05T10:45:13.686Z,32767,54,77,197,97,122,15,153,13372,99,91,1,0,3350,29,26,47,165,79,58,2264,1879,1606,1675,354,259,269,174,676,504,411,404,8,1,-512,-497
1777977913795,2026-05-05T10:45:13.795Z,32767,54,78,195,96,121,14,152,12172,91,86,1,0,3097,26,26,38,128,40,13,1830,1895,1716,1458,265,270,203,184,827,595,282,341,7,1,-512,-521
1777977913903,2026-05-05T10:45:13.903Z,32767,54,81,193,95,118,14,138,11898,87,76,1,0,3173,21,16,29,100,53,-18,1889,1634,1455,1124,268,220,183,171,737,267,157,-29,0,4,-511,-542
1777977914012,2026-05-05T10:45:14.012Z,32767,55,82,197,100,115,14,138,11530,91,73,1,0,3032,15,9,25,58,-31,-37,1563,1281,1077,886,173,174,181,152,585,95,219,127,-3,-1,-547,-499
1777977914120,2026-05-05T10:45:14.120Z,32767,55,80,200,100,113,14,142,11201,89,67,0,1,2580,12,12,2,25,-3,-105,1433,1346,951,937,191,163,122,121,439,192,12,114,-1,-3,-479,-526
1777977914229,2026-05-05T10:45:14.229Z,32767,54,81,181,95,112,14,131,11607,82,46,0,1,2612,12,2,-10,-68,-98,-74,1216,910,674,775,168,129,114,82,144,308,-150,-16,3,2,-492,-517
1777977914338,2026-05-05T10:45:14.338Z,32767,54,78,202,97,109,14,134,10588,79,46,0,1,2572,0,-2,-20,-51,-88,-121,1153,676,599,595,123,39,5,-2,-94,247,82,-122,0,4,-439,-445
1777977914448,2026-05-05T10:45:14.448Z,32767,55,75,188,95,105,14,128,10306,69,43,0,1,2154,-1,-6,-16,-133,-146,-153,765,531,690,365,75,6,34,66,172,-164,95,-154,4,0,-426,-447
1777977914557,2026-05-05T10:45:14.557Z,32767,55,77,163,93,102,14,116,9706,67,25,0,1,1911,-4,-14,-20,-136,-144,-185,545,740,410,300,23,80,58,47,-56,-62,-174,-139,3,4,-409,-374
1777977914665,2026-05-05T10:45:14.665Z,32767,53,72,164,86,102,14,111,9401,61,12,0,1,1684,-6,-10,-35,-173,-232,-230,661,467,167,397,45,0,24,2,-79,-76,-137,70,8,11,-371,-365
1777977914775,2026-05-05T10:45:14.775Z,32767,53,70,160,87,93,14,103,8221,59,9,0,1,1734,-20,-20,-56,-180,-250,-275,326,110,367,43,36,44,-46,26,86,-83,114,229,8,12,-346,-317
1777977914884,2026-05-05T10:45:14.884Z,32767,52,72,140,77,95,13,90,7710,55,0,0,1,1371,-23,-20,-55,-248,-240,-262,129,203,227,110,26,2,50,53,120,77,157,108,12,15,-302,-316
1777977914992,2026-05-05T10:45:14.992Z,32767,52,69,146,75,84,14,95,6607,47,-3,0,1,1308,-21,-30,-65,-296,-276,-291,83,210,-120,-54,-1,5,32,0,213,267,338,486,9,16,-309,-253
1777977915103,2026-05-05T10:45:15.103Z,32767,52,68,112,75,81,13,81,6691,41,-27,0,1,1210,-31,-32,-80,-307,-339,-341,121,-95,-141,8,36,-31,57,38,149,304,221,596,19,18,-282,-255
1777977915212,2026-05-05T10:45:15.212Z,32767,51,62,115,70,82,13,73,5672,39,-28,0,1,757,-30,-35,-74,-287,-287,-327,-106,76,171,-8,-31,7,68,31,583,584,639,634,22,26,-166,-170
1777977915322,2026-05-05T10:45:15.322Z,32767,51,62,104,65,73,13,67,5747,35,-34,0,1,728,-34,-35,-93,-304,-330,-378,106,202,-40,-122,-15,65,47,90,721,686,580,979,23,31,-115,-120
1777977915432,2026-05-05T10:45:15.432Z,32767,49,60,73,57,65,13,66,4762,29,-51,0,1,481,-40,-46,-95,-315,-373,-357,-16,-103,35,256,71,13,115,103,741,952,832,1062,32,30,-115,-100
1777977915541,2026-05-05T10:45:15.541Z,32767,49,54,75,51,68,13,55,4166,21,-55,0,1,593,-46,-46,-83,-319,-330,-373,78,-152,87,179,59,65,57,100,793,1225,818,1249,33,37,-114,-16
1777977915648,2026-05-05T10:45:15.648Z,32767,48,51,42,49,56,12,46,2874,18,-57,0,1,188,-46,-46,-100,-330,-365,-353,-76,-38,223,241,105,146,150,183,1028,1235,1002,1283,36,39,2,-1
1777977915756,2026-05-05T10:45:15.756Z,32767,47,50,37,42,57,13,43,2340,15,-69,0,1,145,-43,-48,-107,-333,-385,-320,178,29,265,452,103,175,150,179,1212,1528,1486,1566,42,46,8,48
1777977915865,2026-05-05T10:45:15.865Z,32767,48,45,25,38,47,12,35,2620,15,-85,0,1,91,-50,-44,-99,-337,-359,-324,288,370,366,461,126,189,233,276,1686,1555,1557,1930,46,49,78,145
1777977915973,2026-05-05T10:45:15.973Z,32767,46,43,9,36,50,12,19,1214,8,-80,0,1,55,-45,-46,-96,-363,-369,-343,57,200,222,623,184,167,228,254,1793,1770,1788,2039,53,54,120,218
1777977916081,2026-05-05T10:45:16.081Z,32767,46,39,-4,37,41,12,28,1162,9,-88,0,1,184,-50,-47,-95,-327,-320,-358,313,354,325,580,174,279,271,310,2128,2046,1936,2116,62,60,186,269
1777977916189,2026-05-05T10:45:16.189Z,32767,44,40,-17,30,41,12,14,1524,7,-91,0,1,92,-44,-47,-104,-329,-315,-278,495,537,556,907,234,287,357,395,2011,2521,2327,2291,66,63,203,228
1777977916298,2026-05-05T10:45:16.298Z,32767,44,38,-35,27,32,12,4,827,0,-102,1,2,-197,-48,-52,-99,-360,-276,-268,412,766,1000,1101,248,339,409,434,2524,2912,2187,2528,63,76,257,277
1777977916406,2026-05-05T10:45:16.406Z,32767,43,34,-45,19,25,12,4,925,2,-106,1,2,15,-44,-49,-89,-282,-288,-279,527,922,1009,1350,373,403,439,521,2578,2798,2423,2632,77,77,303,389
1777977916517,2026-05-05T10:45:16.517Z,32767,43,27,-51,17,29,12,5,211,-4,-108,1,2,220,-49,-48,-86,-309,-295,-273,653,1075,1126,1515,422,389,448,502,3144,3410,2648,2755,73,85,326,414
1777977916625,2026-05-05T10:45:16.625Z,32767,41,25,-54,13,28,11,1,154,3,-100,1,2,-55,-49,-44,-76,-267,-227,-193,826,1321,1455,1518,459,492,542,591,3371,3324,3004,3219,82,80,402,392
1777977916734,2026-05-05T10:45:16.734Z,32767,41,25,-74,15,22,11,4,-532,1,-107,1,2,351,-46,-44,-81,-256,-245,-161,1358,1328,1652,1714,444,554,575,597,3246,3506,2935,3336,83,86,412,419
1777977916843,2026-05-05T10:45:16.843Z,32767,41,22,-88,15,26,11,0,314,5,-92,1,2,184,-38,-39,-65,-180,-146,-120,1214,1457,1930,1996,541,537,640,666,3693,3603,3212,3473,90,91,457,481
1777977916952,2026-05-05T10:45:16.952Z,32767,40,23,-101,8,17,12,5,444,1,-87,1,2,360,-40,-31,-68,-161,-127,-102,1667,1567,1997,2202,621,610,713,729,4088,4133,3509,3493,87,96,499,488
1777977917062,2026-05-05T10:45:17.062Z,32767,41,20,-99,8,19,11,-5,87,6,-82,1,2,693,-33,-27,-56,-185,-83,-49,1781,1955,2057,2235,646,678,775,721,3884,4448,3459,3524,91,93,448,534
1777977917171,2026-05-05T10:45:17.171Z,32767,40,23,-106,8,20,12,-1,569,4,-92,1,2,557,-28,-28,-49,-108,-104,-66,2036,2283,2422,2381,694,742,798,771,4356,4412,3594,3923,92,98,538,518
1777977917281,2026-05-05T10:45:17.281Z,32767,40,17,-96,10,22,12,11,856,7,-72,1,2,800,-27,-21,-31,-99,-47,-26,2323,2178,2707,2622,697,806,821,799,4227,4332,3706,3722,101,99,452,504
1777977917390,2026-05-05T10:45:17.390Z,32767,40,21,-98,12,21,11,0,1440,14,-76,1,2,1143,-18,-11,-15,-70,-6,26,2448,2717,2888,2723,811,851,880,880,4577,4558,3855,4069,99,96,501,484
1777977917498,2026-05-05T10:45:17.498Z,32767,40,17,-100,13,25,12,15,1231,16,-59,1,2,970,-20,-13,-14,-39,42,76,2612,2656,2766,3053,813,852,920,932,4649,4758,3907,3785,100,98,498,508
1777977917607,2026-05-05T10:45:17.607Z,32767,39,20,-106,14,25,12,15,2176,20,-52,1,2,1324,-11,-2,1,44,63,107,2736,2810,3107,3273,860,924,957,984,4771,4664,4095,4130,102,96,498,471
1777977917716,2026-05-05T10:45:17.716Z,32767,40,18,-92,12,30,12,21,2313,23,-54,1,2,1521,-1,0,-2,64,116,96,2749,2951,3400,3343,855,959,981,911,4822,4851,4104,4039,103,96,441,419
1777977917825,2026-05-05T10:45:17.825Z,32767,39,21,-82,17,30,12,27,2815,27,-51,1,2,1823,-3,4,7,76,130,154,3106,3194,3489,3446,958,916,938,980,4805,4907,3876,3800,99,99,475,444
1777977917934,2026-05-05T10:45:17.934Z,32767,40,23,-81,21,29,12,25,3603,25,-35,1,2,1746,7,9,29,101,132,203,3271,3354,3672,3838,949,928,1015,1030,4770,5177,3961,4086,98,97,440,411
1777977918043,2026-05-05T10:45:18.043Z,32767,40,26,-73,20,36,12,36,4251,30,-16,1,2,1941,12,13,31,153,164,202,3437,3421,3479,3750,941,984,1034,980,5218,4752,3817,3947,95,93,411,387
1777977918152,2026-05-05T10:45:18.152Z,32767,41,24,-58,28,42,12,46,4297,42,-12,1,2,2158,9,19,36,210,239,250,3445,3812,3623,3656,941,1030,1031,1016,4905,5148,3745,3656,97,88,399,366
1777977918262,2026-05-05T10:45:18.262Z,32767,41,30,-56,30,45,12,54,5562,44,5,1,2,2553,20,20,57,238,272,307,3799,3914,3836,3989,1008,966,991,977,5101,4644,3836,3786,94,86,368,280
1777977918371,2026-05-05T10:45:18.371Z,32767,41,29,-52,27,52,12,60,5875,49,0,1,2,2755,26,23,53,283,241,282,3923,3821,4022,4055,1013,956,968,986,5051,4680,3595,3459,90,88,307,251
1777977918481,2026-05-05T10:45:18.481Z,32767,42,30,-37,37,57,13,67,6249,54,26,1,3,3087,30,26,62,290,306,317,3785,4019,3980,3968,1029,949,948,968,4749,4618,3674,3409,79,76,315,235
1777977918589,2026-05-05T10:45:18.589Z,32767,43,35,1,36,56,13,72,6453,54,25,1,3,3010,30,32,80,283,314,322,3743,4018,4014,3932,977,1003,964,976,4568,4752,3499,3455,79,82,181,210
1777977918697,2026-05-05T10:45:18.697Z,32767,43,40,15,45,64,13,81,7612,59,43,1,3,3046,31,34,91,321,296,337,3960,3852,3860,3896,962,993,967,942,4333,4259,3460,3374,77,74,136,108
1777977918805,2026-05-05T10:45:18.805Z,32767,44,42,27,49,63,13,85,8762,63,37,1,3,3325,35,44,94,321,340,353,3902,4180,4088,4014,1009,915,892,904,4172,4199,3313,2961,74,64,184,75
1777977918915,2026-05-05T10:45:18.915Z,32767,44,45,15,57,69,13,92,9019,71,62,1,3,3580,45,42,98,343,335,390,4194,3894,4029,4059,942,988,919,861,4335,4237,2948,2915,65,60,121,60
1777977919024,2026-05-05T10:45:19.024Z,32767,45,48,39,56,76,14,101,9521,73,66,1,3,3450,46,44,100,341,344,332,3809,4048,3942,3798,923,935,895,856,4005,3650,3021,2926,59,61,26,31
1777977919133,2026-05-05T10:45:19.133Z,32767,46,47,73,64,87,14,101,10084,79,64,1,3,3595,48,42,103,391,393,336,3782,3851,3874,3930,939,888,855,789,3853,3475,2856,2651,58,57,-15,-71
1777977919240,2026-05-05T10:45:19.240Z,32767,47,52,89,63,84,14,118,10122,81,81,1,3,3771,50,53,102,373,387,383,4021,3830,3932,3665,897,884,765,771,3429,3432,2661,2504,54,48,-13,-158
1777977919349,2026-05-05T10:45:19.349Z,32767,47,54,77,75,90,14,115,10883,85,86,1,3,3916,46,46,95,328,347,334,3923,3676,3495,3537,879,785,724,692,3372,3393,2210,2129,49,39,-110,-111
1777977919457,2026-05-05T10:45:19.457Z,32767,49,58,112,79,98,14,131,11771,95,79,1,3,4151,49,48,101,342,380,355,3873,3744,3468,3234,783,738,708,684,3168,2936,2311,1752,39,34,-131,-205
1777977919565,2026-05-05T10:45:19.565Z,32767,49,59,109,81,100,14,124,11438,94,95,1,3,4172,48,51,96,362,300,330,3767,3550,3469,3199,723,759,714,673,3170,2906,1869,1862,43,32,-247,-247
1777977919671,2026-05-05T10:45:19.671Z,32767,50,61,141,79,103,14,133,12243,92,88,1,3,3908,45,45,100,326,288,300,3516,3237,3287,2927,734,711,625,624,2854,2474,1579,1719,29,30,-285,-256
1777977919780,2026-05-05T10:45:19.780Z,32767,50,63,139,86,104,14,133,12125,95,101,1,3,3965,53,43,82,333,310,276,3470,3282,3203,2797,689,649,558,519,2297,2304,1553,1279,32,26,-299,-343
1777977919890,2026-05-05T10:45:19.890Z,32767,50,68,166,90,113,14,150,13299,101,108,1,3,3976,47,43,81,331,249,283,3238,3069,2821,2925,627,632,579,489,2019,1717,1394,980,20,22,-375,-391
1777977919999,2026-05-05T10:45:19.999Z,32767,51,70,157,92,114,14,154,13449,102,94,1,3,3726,42,48,75,278,274,199,3108,2814,2537,2591,612,558,453,452,1990,1861,1276,861,24,15,-338,-415
1777977920108,2026-05-05T10:45:20.108Z,32767,52,71,168,90,117,14,151,13566,95,107,1,3,3802,40,45,83,262,204,192,3076,2573,2637,2215,575,528,470,423,1694,1569,1128,842,13,17,-385,-474
1777977920217,2026-05-05T10:45:20.217Z,32767,53,72,172,96,115,14,156,12806,95,106,1,3,3934,36,34,69,254,221,160,2619,2668,2428,2065,505,391,417,361,1659,1303,997,769,17,6,-452,-456
1777977920325,2026-05-05T10:45:20.325Z,32767,54,78,193,100,114,14,149,12907,103,86,1,3,3749,38,38,57,166,179,140,2589,2477,2073,1982,397,428,356,252,1279,928,637,557,11,10,-499,-499
1777977920432,2026-05-05T10:45:20.432Z,32767,53,77,199,102,121,14,147,13473,92,100,1,3,3551,34,26,45,159,113,110,2536,2089,1829,1808,422,330,311,269,1277,635,551,345,9,2,-477,-438
1777977920541,2026-05-05T10:45:20.541Z,32767,54,80,183,98,117,14,149,12320,97,92,1,3,3316,27,31,50,116,131,75,2096,1846,1831,1677,334,335,284,235,752,841,338,304,6,3,-444,-463
1777977920650,2026-05-05T10:45:20.650Z,32767,54,76,187,98,121,15,152,11934,89,79,1,4,3307,26,17,29,89,70,28,1955,1796,1416,1556,338,217,162,207,680,255,292,92,4,0,-494,-500
1777977920758,2026-05-05T10:45:20.758Z,32767,54,80,192,101,114,14,143,12234,92,79,1,4,3070,20,19,30,39,21,7,1826,1424,1318,999,262,195,198,108,663,402,114,218,0,-1,-452,-477
1777977920867,2026-05-05T10:45:20.867Z,32767,54,77,192,102,114,14,143,11732,85,63,1,4,2761,21,13,11,59,-10,-36,1654,1221,1028,1096,251,130,97,96,174,97,119,44,2,4,-503,-473
1777977920975,2026-05-05T10:45:20.975Z,32767,54,78,209,97,115,14,143,11171,86,61,1,4,2647,17,8,0,-16,-54,-69,1384,1333,926,787,162,176,78,52,298,45,22,-61,0,4,-497,-455
1777977921086,2026-05-05T10:45:21.086Z,32767,55,78,193,95,113,14,128,10806,76,59,1,4,2725,7,0,-2,-26,-116,-142,1085,913,757,608,109,52,94,31,51,-57,-75,-139,-2,-3,-434,-421
1777977921195,2026-05-05T10:45:21.195Z,32767,54,79,174,94,114,14,131,10242,80,47,1,4,2390,0,-2,-16,-55,-126,-122,1004,744,810,677,136,43,87,8,48,121,41,-178,1,5,-453,-421
1777977921302,2026-05-05T10:45:21.302Z,32767,55,79,178,90,103,14,118,9630,68,28,1,4,2245,-4,-7,-16,-103,-171,-179,800,669,550,392,97,18,59,18,203,-103,126,81,4,7,-464,-457
1777977921410,2026-05-05T10:45:21.410Z,32767,54,74,164,85,105,14,113,8955,68,21,1,4,2037,-7,-10,-36,-124,-195,-176,715,577,536,130,5,48,23,9,-243,-239,149,139,6,8,-467,-416
1777977921518,2026-05-05T10:45:21.518Z,32767,53,77,169,87,98,14,113,9413,67,12,1,4,1865,-9,-14,-44,-194,-196,-268,725,549,403,99,40,-29,-38,-11,227,154,-24,134,0,11,-413,-388
1777977921627,2026-05-05T10:45:21.627Z,32767,53,74,141,78,98,14,97,8254,58,0,1,4,1741,-19,-19,-46,-181,-263,-276,293,365,373,48,-17,-43,31,-41,-43,306,103,15,4,6,-325,-323
1777977921736,2026-05-05T10:45:21.736Z,32767,53,69,136,77,88,13,95,7084,53,0,1,4,1250,-23,-20,-56,-274,-289,-274,133,90,-31,164,36,-9,-34,2,-19,259,305,430,12,16,-300,-264
1777977921845,2026-05-05T10:45:21.845Z,32767,53,68,133,74,86,13,90,6955,47,-17,1,4,1089,-21,-28,-58,-237,-288,-277,123,144,-25,-106,-44,-46,-14,-15,246,78,306,545,16,13,-317,-251
1777977921953,2026-05-05T10:45:21.953Z,32767,52,67,112,69,87,13,77,6094,45,-24,1,4,1024,-25,-35,-82,-297,-298,-291,88,99,9,125,-16,40,63,13,199,231,473,409,15,24,-271,-199
1777977922065,2026-05-05T10:45:22.065Z,32767,51,65,109,71,81,13,65,5073,40,-27,1,4,631,-29,-36,-86,-278,-290,-330,-53,212,-31,53,54,56,29,33,336,542,705,839,19,20,-168,-166
1777977922175,2026-05-05T10:45:22.175Z,32767,50,62,76,65,74,13,59,5679,33,-40,1,4,705,-32,-41,-87,-347,-363,-366,-2,-33,90,118,-28,47,53,105,412,884,638,658,24,31,-154,-156
1777977922283,2026-05-05T10:45:22.283Z,32767,49,57,84,57,67,13,62,4419,33,-43,1,4,405,-40,-41,-86,-348,-352,-328,-56,-84,61,229,32,4,71,133,720,625,717,938,30,30,-89,-16
1777977922392,2026-05-05T10:45:22.392Z,32767,50,55,50,55,66,13,46,3435,29,-58,1,4,238,-43,-45,-103,-314,-353,-351,-57,174,-58,47,11,60,80,141,849,1103,1157,1101,31,42,-98,14
1777977922501,2026-05-05T10:45:22.501Z,32767,48,53,47,45,63,12,47,2607,21,-59,1,4,206,-45,-47,-93,-326,-343,-345,-40,-83,129,89,65,110,145,135,1207,1366,1079,1187,35,41,19,87
1777977922609,2026-05-05T10:45:22.609Z,32767,48,47,34,46,58,12,30,2497,18,-75,1,4,47,-44,-49,-99,-330,-359,-361,135,15,397,215,127,159,195,248,1019,1484,1312,1423,46,50,42,68
1777977922717,2026-05-05T10:45:22.717Z,32767,47,44,4,40,47,12,35,2062,13,-71,1,4,49,-51,-53,-99,-347,-340,-313,60,396,123,479,177,131,171,285,1437,1975,1427,1829,46,52,96,156
1777977922825,2026-05-05T10:45:22.825Z,32767,46,40,-3,32,42,12,29,1558,11,-78,1,5,150,-48,-51,-95,-326,-314,-336,312,485,584,511,222,259,266,286,1660,1805,1685,1993,52,56,189,218
1777977922933,2026-05-05T10:45:22.933Z,32767,45,37,-25,34,39,12,20,1769,9,-91,1,5,70,-51,-49,-96,-322,-320,-288,467,297,544,665,181,222,344,356,2032,2065,2076,2355,55,64,196,202
1777977923042,2026-05-05T10:45:23.042Z,32767,45,36,-21,32,35,12,9,968,6,-84,1,5,123,-45,-48,-98,-333,-305,-305,500,397,526,804,206,305,328,378,2207,2295,2357,2318,67,72,193,270
1777977923151,2026-05-05T10:45:23.151Z,32767,43,32,-34,27,37,12,16,315,2,-92,1,5,-39,-47,-46,-102,-359,-311,-256,556,786,949,1184,325,364,422,429,2507,2698,2317,2408,65,68,268,336
1777977923258,2026-05-05T10:45:23.258Z,32767,43,35,-60,19,26,12,10,601,5,-108,1,5,139,-46,-46,-92,-314,-286,-295,851,743,1214,1334,358,421,459,512,2504,2741,2445,2681,75,75,316,378
1777977923367,2026-05-05T10:45:23.367Z,32767,43,27,-47,16,23,12,-1,567,-4,-109,1,5,-133,-44,-46,-79,-280,-289,-212,940,984,1389,1474,386,449,480,523,2823,3034,2885,3069,79,78,308,432
1777977923476,2026-05-05T10:45:23.476Z,32767,42,30,-79,13,25,11,0,575,-1,-97,1,5,-39,-44,-43,-69,-250,-270,-188,1162,1379,1272,1657,481,484,501,558,3085,3621,3035,3253,82,80,384,409
1777977923586,2026-05-05T10:45:23.586Z,32767,41,26,-76,10,19,12,1,-239,-4,-107,1,5,283,-40,-39,-81,-260,-201,-192,1368,1418,1557,1622,504,588,616,636,3501,3594,3109,3458,84,88,435,405
1777977923694,2026-05-05T10:45:23.694Z,32767,41,26,-80,13,23,12,2,-418,-2,-99,1,5,422,-43,-38,-57,-188,-196,-136,1476,1412,1951,1929,572,635,617,641,3650,4090,3112,3256,84,92,480,491
1777977923803,2026-05-05T10:45:23.803Z,32767,41,25,-103,11,25,12,0,628,0,-85,1,5,386,-38,-34,-59,-197,-143,-116,1681,1653,2000,2152,573,630,655,775,4014,3941,3532,3457,88,91,467,444
1777977923910,2026-05-05T10:45:23.910Z,32767,41,23,-94,10,17,11,4,242,4,-83,1,5,432,-31,-28,-39,-137,-89,-80,1690,1901,2101,2561,675,703,693,820,4207,4162,3496,3826,94,99,475,446
1777977924019,2026-05-05T10:45:24.019Z,32767,40,22,-91,5,20,12,1,1004,0,-76,1,5,627,-26,-27,-37,-138,-86,-57,2045,2227,2364,2602,700,769,821,803,4171,4396,3784,3884,93,97,496,458
1777977924127,2026-05-05T10:45:24.127Z,32767,39,20,-113,12,20,11,2,1234,10,-77,1,5,951,-29,-17,-38,-104,-30,13,2069,2441,2433,2710,759,736,853,854,4255,4551,3859,3939,97,101,448,530
1777977924235,2026-05-05T10:45:24.235Z,32767,40,18,-100,9,24,12,9,1460,12,-78,1,5,922,-16,-20,-30,-20,4,61,2223,2405,2597,3034,810,796,828,862,4641,4744,3674,4062,100,98,495,530
1777977924344,2026-05-05T10:45:24.344Z,32767,40,21,-93,8,21,12,14,997,13,-59,1,5,1013,-17,-14,-14,-21,50,46,2599,2685,2967,3287,861,838,925,962,4776,5009,3998,3976,103,99,533,478
1777977924453,2026-05-05T10:45:24.453Z,32767,39,23,-102,13,27,12,10,1302,18,-59,1,5,1302,-7,-6,4,65,46,90,2712,2967,3271,3160,854,919,917,975,4625,4685,3829,4093,101,104,465,459
1777977924562,2026-05-05T10:45:24.562Z,32767,40,22,-103,18,23,12,13,1646,22,-39,1,5,1529,-3,1,0,35,124,156,3000,3279,3066,3259,924,882,894,935,5119,4734,3900,3927,100,95,478,498
1777977924671,2026-05-05T10:45:24.671Z,32767,40,21,-92,19,34,12,27,3386,24,-31,1,5,1784,-3,7,13,106,123,163,2974,3183,3308,3451,919,937,998,974,4712,4905,4189,3795,103,94,427,428
1777977924780,2026-05-05T10:45:24.780Z,32767,40,25,-80,21,35,12,30,3730,31,-25,1,5,2069,2,7,29,102,192,163,3170,3339,3347,3647,968,949,938,1033,5088,5099,4090,3929,100,93,389,409
1777977924889,2026-05-05T10:45:24.889Z,32767,41,22,-70,24,38,12,38,3923,31,-17,1,5,2064,12,10,31,165,200,233,3550,3620,3507,3853,956,994,1005,1024,4878,4848,4052,3832,96,96,446,404
1777977925000,2026-05-05T10:45:25.000Z,32767,40,28,-65,22,43,12,48,4636,35,-10,0,6,2448,14,14,53,175,245,225,3450,3799,3586,3883,987,944,1020,1041,5124,4814,4028,3787,94,87,415,302
1777977925108,2026-05-05T10:45:25.108Z,32767,41,27,-38,28,44,12,51,5114,44,5,0,6,2446,19,26,51,194,241,284,3833,3869,3937,4062,985,1020,961,1030,4906,4778,3947,3867,91,91,309,290
1777977925216,2026-05-05T10:45:25.216Z,32767,41,30,-39,34,51,12,56,5406,50,9,0,6,2908,26,30,66,263,297,271,3827,3929,3893,4052,952,1025,975,995,4783,4962,3789,3734,92,87,312,224
1777977925326,2026-05-05T10:45:25.326Z,32767,42,29,-28,37,52,13,71,5896,56,25,0,6,2852,31,34,62,261,329,318,3837,3906,4014,4088,974,1042,1016,1014,4862,4880,3587,3423,84,76,295,184
1777977925436,2026-05-05T10:45:25.436Z,32767,42,37,-15,36,55,13,69,6753,63,26,0,6,3185,33,38,75,271,331,357,3837,4039,3919,4116,1032,973,996,984,4767,4551,3648,3305,82,80,269,145
1777977925543,2026-05-05T10:45:25.543Z,32767,44,39,10,47,63,13,88,7264,62,37,0,6,3341,36,42,75,297,308,352,3781,3873,4147,4080,991,1019,915,893,4705,4618,3212,3406,78,70,216,159
1777977925651,2026-05-05T10:45:25.651Z,32767,44,38,3,49,67,13,89,8079,71,37,0,6,3305,35,44,78,358,339,318,3860,4018,3909,3764,950,962,906,883,4363,4438,3309,2937,76,66,170,105
1777977925760,2026-05-05T10:45:25.760Z,32767,44,41,40,51,72,13,99,8836,73,57,0,6,3368,39,46,86,381,346,360,3939,4100,3801,3728,1002,962,938,838,4459,3837,3031,2827,69,65,44,58
1777977925869,2026-05-05T10:45:25.869Z,32767,46,44,53,60,81,13,109,9116,77,63,0,6,3546,43,47,87,338,387,342,4000,3817,3882,4024,940,909,891,848,3816,3923,2877,2664,65,59,15,-50
1777977925981,2026-05-05T10:45:25.981Z,32767,46,51,65,67,86,14,111,10044,81,75,0,6,3768,44,47,100,351,344,326,3910,4029,3631,3779,957,892,816,809,3706,3756,2679,2495,54,55,-49,-99
1777977926089,2026-05-05T10:45:26.089Z,32767,47,52,86,66,88,14,109,11043,83,77,0,6,3723,50,52,91,373,378,360,4032,3647,3778,3469,864,855,801,728,3604,3222,2418,2174,50,46,-41,-84
1777977926198,2026-05-05T10:45:26.198Z,32767,48,53,79,75,95,14,128,10945,91,82,0,6,4003,47,48,97,333,346,367,3872,3632,3729,3435,819,827,725,764,3400,3018,2239,1935,51,40,-107,-199
1777977926306,2026-05-05T10:45:26.306Z,32767,49,60,93,73,97,14,129,11159,92,86,0,6,3772,46,50,91,383,337,298,3909,3761,3542,3266,829,762,701,701,3061,2873,2002,2023,43,37,-173,-182
1777977926415,2026-05-05T10:45:26.415Z,32767,49,58,119,80,97,14,130,11285,95,95,0,6,4128,53,54,94,373,308,339,3670,3502,3346,3061,769,749,667,587,2648,2630,1964,1854,41,32,-224,-256
1777977926525,2026-05-05T10:45:26.525Z,32767,49,66,121,83,105,14,134,12081,98,93,0,6,4143,53,46,92,310,287,259,3638,3329,3342,3233,715,655,612,542,2750,2146,1913,1647,35,30,-213,-340
1777977926633,2026-05-05T10:45:26.633Z,32767,50,68,143,89,109,14,136,12980,93,103,0,6,3905,43,43,92,310,327,237,3298,3375,2984,2684,682,601,615,535,2161,2348,1458,1128,26,25,-331,-291
1777977926741,2026-05-05T10:45:26.741Z,32767,51,68,146,85,111,14,147,12970,99,105,0,6,3840,49,48,78,258,289,228,3180,2946,3011,2704,665,624,550,474,2177,1717,1462,1120,19,18,-340,-387
1777977926851,2026-05-05T10:45:26.851Z,32767,52,72,173,94,117,14,152,12989,100,94,0,6,3912,50,47,88,245,223,211,2891,2766,2655,2499,600,562,468,452,2119,1536,1176,1026,15,11,-405,-392
1777977926961,2026-05-05T10:45:26.961Z,32767,52,73,172,98,115,14,146,13250,95,100,0,6,3720,41,45,76,249,217,213,2953,2573,2332,2458,567,501,421,379,1798,1593,1079,850,19,13,-431,-409
1777977927068,2026-05-05T10:45:27.068Z,32767,52,72,183,99,120,15,143,12543,100,106,0,6,3755,42,41,77,245,176,179,2539,2501,2395,2113,501,459,380,362,1370,1101,781,535,8,10,-478,-467
1777977927178,2026-05-05T10:45:27.178Z,32767,53,79,198,94,119,15,149,13117,102,86,1,0,3511,34,31,66,218,153,112,2529,2240,2297,1773,419,379,333,260,1452,1221,814,404,12,8,-412,-521
1777977927285,2026-05-05T10:45:27.285Z,32767,53,79,182,103,121,14,152,13283,96,100,1,0,3572,32,26,58,127,129,111,2383,2062,1850,1689,390,362,270,228,845,1057,636,271,5,7,-507,-507
1777977927394,2026-05-05T10:45:27.394Z,32767,54,81,185,95,122,14,147,13063,91,82,1,0,3442,34,28,42,100,66,48,2122,1774,1779,1697,372,286,275,230,631,735,189,343,1,5,-504,-511
1777977927502,2026-05-05T10:45:27.502Z,32767,54,77,202,100,118,14,152,11915,92,79,1,0,3226,21,22,27,81,43,37,2006,1669,1379,1491,292,263,207,142,568,654,470,137,0,0,-533,-532
1777977927612,2026-05-05T10:45:27.612Z,32767,54,78,209,102,116,14,143,12185,89,69,1,0,3096,18,20,35,37,52,-17,1793,1575,1368,989,257,224,199,140,262,451,273,106,6,0,-528,-530
1777977927720,2026-05-05T10:45:27.720Z,32767,55,79,190,97,121,14,144,12404,88,71,1,0,2803,21,14,7,55,-18,-47,1626,1226,1044,1045,247,166,176,141,195,269,-35,-117,4,2,-478,-504
1777977927829,2026-05-05T10:45:27.829Z,32767,54,80,200,95,115,14,135,11843,88,55,1,0,2788,15,8,12,-18,-69,-122,1339,958,1077,602,115,149,94,84,189,26,169,-139,-3,1,-539,-503
1777977927937,2026-05-05T10:45:27.937Z,32767,54,77,194,93,112,14,131,10586,76,44,1,0,2494,4,5,1,-65,-109,-99,1287,782,928,511,146,135,47,26,211,38,-89,-95,4,-3,-449,-492
1777977928044,2026-05-05T10:45:28.044Z,32767,55,79,185,90,115,14,132,10416,81,36,1,0,2291,7,-1,-6,-81,-90,-141,1098,889,624,335,59,19,84,58,-66,201,95,11,5,-1,-510,-463
1777977928153,2026-05-05T10:45:28.153Z,32767,53,75,182,95,109,14,116,10577,72,28,1,0,2227,0,-8,-33,-95,-157,-193,814,744,424,266,36,49,0,45,-54,214,-165,-80,1,2,-403,-370
1777977928263,2026-05-05T10:45:28.263Z,32767,54,74,160,92,107,14,109,8893,68,29,1,0,1795,-5,-10,-36,-130,-215,-214,734,616,188,146,37,40,-20,41,194,134,-112,-24,8,4,-390,-348
1777977928371,2026-05-05T10:45:28.371Z,32767,54,73,153,88,101,14,111,8533,59,8,1,0,1516,-10,-19,-40,-164,-193,-209,604,523,384,182,57,-33,14,-47,-193,-198,61,95,1,4,-428,-325
1777977928480,2026-05-05T10:45:28.480Z,32767,53,72,142,82,92,14,107,7882,61,-3,1,0,1643,-20,-24,-43,-228,-277,-247,398,206,110,116,0,0,34,-24,-14,109,24,394,3,9,-346,-318
1777977928587,2026-05-05T10:45:28.587Z,32767,52,72,138,76,94,14,90,8041,55,0,1,0,1502,-19,-30,-60,-210,-235,-267,267,90,196,-11,25,-15,-18,43,284,24,186,207,6,14,-272,-244
1777977928696,2026-05-05T10:45:28.696Z,32767,52,68,123,70,84,14,86,7197,44,-9,1,0,1234,-20,-29,-69,-278,-276,-315,16,-27,-66,-166,-6,-38,-29,-11,109,306,499,427,15,13,-294,-278
1777977928806,2026-05-05T10:45:28.806Z,32767,51,67,102,71,84,13,84,6768,39,-32,1,0,1004,-30,-34,-81,-273,-304,-334,56,-61,-69,-20,41,16,18,-12,467,591,602,448,21,17,-221,-200
1777977928915,2026-05-05T10:45:28.915Z,32767,50,63,98,69,76,13,76,5899,34,-35,1,0,707,-36,-42,-79,-345,-354,-313,199,-57,-66,48,-35,4,30,18,192,412,626,684,26,23,-208,-169
1777977929023,2026-05-05T10:45:29.023Z,32767,51,58,80,66,71,13,59,4525,33,-42,1,0,709,-42,-38,-85,-333,-326,-384,-146,178,175,-70,60,21,94,38,595,798,681,930,30,25,-101,-114
1777977929133,2026-05-05T10:45:29.133Z,32767,50,54,78,59,70,13,53,4416,24,-61,1,0,502,-36,-40,-97,-361,-376,-388,184,141,46,272,16,46,103,150,532,895,1057,1035,26,31,-79,0
1777977929240,2026-05-05T10:45:29.240Z,32767,48,53,73,57,63,13,49,3706,25,-68,1,0,579,-39,-40,-104,-318,-327,-372,63,159,-116,47,86,99,139,183,924,1213,875,1139,36,43,-30,-3
1777977929348,2026-05-05T10:45:29.348Z,32767,49,49,43,50,61,12,38,3033,22,-67,1,1,126,-49,-51,-106,-327,-374,-358,-99,205,185,214,75,124,114,158,1195,1334,1268,1561,35,49,13,66
1777977929456,2026-05-05T10:45:29.456Z,32767,47,51,30,46,53,12,31,3066,11,-66,1,1,63,-45,-53,-103,-352,-388,-337,120,283,298,330,86,170,182,231,1201,1645,1520,1460,47,54,73,92
1777977929564,2026-05-05T10:45:29.564Z,32767,47,46,4,35,47,12,26,2159,8,-74,1,1,195,-53,-50,-108,-385,-321,-323,282,54,224,496,147,208,261,213,1398,1812,1660,1784,49,54,116,182
1777977929672,2026-05-05T10:45:29.672Z,32767,46,42,6,35,43,12,25,1401,12,-81,1,1,-137,-48,-53,-103,-376,-334,-321,171,318,539,609,137,185,255,342,1804,1951,1858,2118,58,55,184,167
1777977929782,2026-05-05T10:45:29.782Z,32767,45,41,-14,29,40,12,13,1795,7,-91,1,1,-153,-54,-54,-101,-339,-304,-338,403,400,387,688,173,211,267,336,2175,2186,2041,2137,62,60,218,193
1777977929892,2026-05-05T10:45:29.892Z,32767,44,36,-42,26,35,12,17,1358,5,-93,1,1,144,-54,-53,-105,-361,-319,-327,565,660,679,820,298,324,368,391,2214,2658,2014,2529,67,70,247,278
1777977930001,2026-05-05T10:45:30.001Z,32767,44,36,-47,21,34,12,7,263,-1,-93,1,1,-153,-51,-48,-89,-355,-289,-270,728,605,949,1022,274,363,425,463,2600,2514,2593,2668,65,75,250,298
1777977930109,2026-05-05T10:45:30.109Z,32767,43,34,-38,17,31,12,10,522,6,-102,1,1,-134,-47,-43,-84,-299,-298,-241,735,827,1202,1346,392,419,404,482,2784,2983,2713,2639,70,79,349,309
1777977930219,2026-05-05T10:45:30.219Z,32767,43,29,-74,14,30,12,9,-170,0,-106,1,1,-34,-49,-39,-78,-300,-284,-197,788,1229,1051,1450,412,441,461,516,3172,3326,2784,2896,80,85,356,382
1777977930327,2026-05-05T10:45:30.327Z,32767,42,27,-68,20,23,11,7,174,4,-103,1,1,54,-39,-44,-80,-222,-241,-173,897,1127,1414,1615,476,477,551,649,3399,3568,2856,3292,87,81,395,393
1777977930436,2026-05-05T10:45:30.436Z,32767,42,24,-79,13,22,12,-3,638,-2,-103,1,1,212,-38,-38,-63,-239,-237,-181,1336,1402,1592,1850,478,575,641,653,3305,3792,3247,3114,88,86,428,425
